year,id,cyclone_id,china_id,e_name,c_name,land_total,land_order,land_province,land_level
1949,4,194904,,Elaine,,1,1,香港,TS
1949,6,194906,,Gloria,,3,1,浙江,TY
1949,6,194906,,Gloria,,3,2,上海－浙江,TY
1949,6,194906,,Gloria,,3,3,山东,STS
1949,8,194908,,Irma,,1,1,台湾,STS
1949,11,194911,,,,2,1,海南,TD
1949,11,194911,,,,2,2,广东,
1949,13,194913,,,,1,1,福建,
1949,19,194919,,,,1,1,广东,STS
1949,20,194920,,Nelly,,2,1,台湾,TY
1949,20,194920,,Nelly,,2,2,广东,TD
1949,24,194924,,,,2,1,台湾,TD
1949,24,194924,,,,2,2,福建,
1949,25,194925,,Omilia,,1,1,广东,TS
1950,3,195003,,,,1,1,台湾,TS
1950,5,195005,,,,1,1,广东,TD
1950,7,195007,,Grace,,1,1,辽宁,TD
1950,9,195009,,,,1,1,台湾,TD
1950,10,195010,,,,1,1,江苏,TD
1950,12,195012,,,,1,1,广东,TD
1950,30,195030,,Ossia,,1,1,广东,TS
1950,31,195031,,,,1,1,海南,TD
1950,32,195032,,,,1,1,海南,TD
1950,40,195040,,Delilah,,1,1,海南,TS
1951,5,195105,,,,1,1,广东,TD
1951,6,195106,,,,1,1,海南,TD
1951,12,195112,,Louise,,1,1,广东,TY
1951,15,195115,,,,2,1,广东,
1951,15,195115,,,,2,2,广西,
1951,18,195118,,Nora,,1,1,海南,TY
1951,21,195121,,Ora,,1,1,广东,
1951,22,195122,,Pat,,2,1,浙江,TS
1951,22,195122,,Pat,,2,2,上海－浙江,TD
1952,1,195201,,Charlotte,,1,1,广东,STS
1952,3,195203,,,,1,1,广东,TD
1952,4,195204,,Emma,,1,1,广东,STS
1952,7,195207,,Gilda,,1,1,浙江,TD
1952,8,195208,,Harriet,,1,1,广东,TS
1952,12,195212,,,,1,1,广东,TD
1952,14,195214,,,,1,1,广东,TD
1952,15,195215,,Lois,,1,1,海南,TY
1952,16,195216,,Mary,,1,1,福建,TS
1952,16,195216,,Mary(-)1,,1,1,福建,TD
1952,17,195217,,Nora,,1,1,海南,TY
1952,18,195218,,,,2,1,台湾,STS
1952,18,195218,,,,2,2,广东,STS
1952,19,195219,,,,2,1,台湾,TD
1952,19,195219,,,,2,2,福建,
1952,21,195221,,,,1,1,海南,TS
1952,29,195229,,Bess,,1,1,台湾,TY
1952,31,195231,,Della,,1,1,台湾,TD
1953,5,195305,,Kit,,2,1,台湾,TY
1953,5,195305,,Kit,,2,2,福建,TY
1953,6,195306,,,,1,1,广东,TD
1953,10,195310,,Nina,,1,1,浙江,TY
1953,12,195312,,,,1,1,海南,TD
1953,13,195313,,Ophelia,,1,1,海南,TY
1953,14,195314,,Phyllis,,2,1,台湾,TY
1953,14,195314,,Phyllis,,2,2,福建,TS
1953,15,195315,,Rita,,1,1,广东,TY
1953,17,195317,,Susan,,1,1,广东,STS
1953,20,195320,,,,1,1,海南,TD
1953,22,195322,,,,1,1,海南,
1953,26,195326,,Betty,,1,1,海南,TY
1954,2,195402,,Elsie,,2,1,海南,TY
1954,2,195402,,Elsie,,2,2,广西,TS
1954,7,195407,,Elsie,,1,1,广东,TD
1954,11,195411,,,,1,1,江苏,TS
1954,13,195413,,Ida,,1,1,广东,TY
1954,16,195416,,,,2,1,广东,TS
1954,16,195416,,,,2,2,广西,TD
1954,27,195427,,Pamela,,2,1,广东,TS
1954,27,195427,,Pamela,,2,2,广东,
1954,29,195429,,Ruby,,1,1,广东,TD
1955,5,195505,,Billie,,1,1,广东,STS
1955,6,195506,,,,1,1,海南,STS
1955,7,195507,,Clara,,1,1,山东,TD
1955,8,195508,,,,1,1,广东,
1955,18,195518,,,,1,1,浙江,TD
1955,19,195519,,Iris,,2,1,台湾,TY
1955,19,195519,,Iris,,2,2,福建,TD
1955,19,195519,,Iris(-)1,,1,1,福建,
1955,24,195524,,,,1,1,台湾,
1955,25,195525,,,,1,1,广东,
1955,26,195526,,Kate,,1,1,海南,TY
1956,7,195607,,,,1,1,广东,TD
1956,9,195609,,Vera,,1,1,海南,STS
1956,11,195611,,,,1,1,福建,TS
1956,12,195612,,Wanda,,1,1,浙江,TY
1956,15,195615,,,,1,1,海南,
1956,19,195619,,,,2,1,海南,TD
1956,19,195619,,,,2,2,广西,
1956,20,195620,,,,1,1,海南,
1956,22,195622,,Dinah,,2,1,台湾,TY
1956,22,195622,,Dinah,,2,2,福建,TY
1956,25,195625,,,,1,1,海南,
1956,26,195626,,Freda,,2,1,台湾,TY
1956,26,195626,,Freda,,2,2,福建,STS
1956,27,195627,,Gilda,,2,1,台湾,TY
1956,27,195627,,Gilda,,2,2,福建,TS
1956,30,195630,,,,1,1,海南,TD
1957,5,195705,,Virginia,,1,1,台湾,TY
1957,7,195707,,,,1,1,海南,TD
1957,8,195708,,Wendy,,1,1,广东,STS
1957,11,195711,,,,1,1,广东,TS
1957,17,195717,,Carmen,,1,1,福建,TY
1957,19,195719,,Gloria,,1,1,广东,TY
1957,23,195723,,,,1,1,广东,TD
1958,4,195804,,,,1,1,海南,TS
1958,10,195810,,Winnie,,2,1,台湾,TY
1958,10,195810,,Winnie,,2,2,福建,STS
1958,13,195813,,,,1,1,福建,TS
1958,15,195815,,,,1,1,广东,STS
1958,19,195819,,,,1,1,海南,TD
1958,20,195820,,,,2,1,台湾,STS
1958,20,195820,,,,2,2,福建,TS
1958,21,195821,,,,1,1,广东,TD
1958,22,195822,,Grace,,1,1,福建,TY
1958,23,195823,,,,2,1,海南,STS
1958,23,195823,,,,2,2,广西,TD
1958,28,195828,,,,1,1,广东,
1959,5,195905,,Wilda,,1,1,广东,TD
1959,6,195906,5901,Billie,,2,1,浙江－福建,TY
1959,6,195906,5901,Billie,,2,2,上海,STS
1959,7,195907,,,,1,1,海南,
1959,10,195910,,Hope,,1,1,海南,
1959,12,195912,5903,Iris,,1,1,福建,TY
1959,14,195914,5904,Joan,,2,1,台湾,TY
1959,14,195914,5904,Joan,,2,2,福建,TY
1959,15,195915,5905,Louise,,2,1,台湾,TY
1959,15,195915,5905,Louise,,2,2,福建,STS
1959,16,195916,,Marge,,1,1,广东,
1959,17,195917,5906,Nora(-)1,,1,1,广东,STS
1960,6,196006,6001,Mary,,1,1,香港,TY
1960,7,196007,6003,Olive,,1,1,广东,STS
1960,9,196009,6005,Polly,,2,1,山东,STS
1960,9,196009,6005,Polly,,2,2,辽宁,TD
1960,11,196011,6007,Shirley,,3,1,台湾,TY
1960,,196000,,,,,2,福建,TY
1960,,196000,,,,,3,山东,TS
1960,12,196012,6006,,,1,1,广东,TD
1960,13,196013,6008,Trix,,2,1,台湾,TY
1960,13,196013,6008,Trix,,2,2,福建,STS
1960,13,196013,6008,Trix(-)1,,2,1,台湾,TS
1960,13,196013,6008,Trix(-)1,,2,2,福建,
1960,18,196018,6012,Agnes,,2,1,台湾,STS
1960,18,196018,6012,Agnes,,2,2,广东,
1960,24,196024,6016,Elaine,,2,1,台湾,STS
1960,24,196024,6016,Elaine,,2,2,广东,
1960,31,196031,6022,,,1,1,海南,TD
1960,34,196034,6024,Kit,,1,1,海南,TY
1961,4,196104,6103,Alice,,1,1,香港,TY
1961,5,196105,6104,Betty,,2,1,台湾,TY
1961,5,196105,6104,Betty,,2,2,浙江,TD
1961,7,196107,6106,,,1,1,台湾,
1961,8,196108,6107,,,1,1,海南,TD
1961,12,196112,6109,Doris,,1,1,广东,TS
1961,14,196114,6110,Elsie,,2,1,台湾,TY
1961,14,196114,6110,Elsie,,2,2,广东,TS
1961,15,196115,6111,Flossie,,1,1,香港,TD
1961,19,196119,6115,June,,2,1,台湾,TY
1961,19,196119,6115,June,,2,2,福建,TD
1961,20,196120,6116,(-),,2,1,浙江,TD
1961,20,196120,6116,(-),,2,2,江苏,TD
1961,24,196124,6120,Lorna,,2,1,台湾,TY
1961,24,196124,6120,Lorna,,2,2,福建,STS
1961,27,196127,,,,1,1,广东,TS
1961,28,196128,6121,Olga,,1,1,广东,TY
1961,29,196129,6122,Pamela,,2,1,台湾,TY
1961,29,196129,6122,Pamela,,2,2,福建,TY
1961,32,196132,6125,Sally,,2,1,台湾,TY
1961,32,196132,6125,Sally,,2,2,广东,STS
1961,33,196133,6126,Tilda,,1,1,浙江,TY
1962,4,196204,,,,2,1,海南,TD
1962,4,196204,,,,2,2,广西,
1962,8,196208,6205,Kate,,2,1,台湾,TY
1962,,196200,,,,,2,福建,STS
1962,13,196213,6208,Opal,,3,1,台湾,TY
1962,13,196213,6208,Opal,,3,2,福建,TY
1962,13,196213,6208,Opal,,3,3,山东,TS
1962,14,196214,6209,Patsy,,2,1,海南,TY
1962,14,196214,6209,Patsy,,2,2,广西,STS
1962,19,196219,6213,Wanda,,2,1,香港,TY
1962,19,196219,6213,Wanda,,2,2,海南,
1962,20,196220,6214,Amy,,2,1,台湾,TY
1962,20,196220,6214,Amy,,2,2,福建,STS
1962,23,196223,6216,Carla,,1,1,海南,TY
1962,27,196227,6217,Dinah,,1,1,广东,TY
1963,6,196306,6304,Trix,,1,1,广东,TY
1963,8,196308,6306,Wendy,,2,1,台湾,TY
1963,8,196308,6306,Wendy,,2,2,福建,STS
1963,10,196310,6307,Agness,,1,1,广东,STS
1963,12,196312,6317,,,3,1,海南,TS
1963,12,196312,6317,,,3,2,广东,TD
1963,12,196312,6317,,,3,3,广西,TD
1963,13,196313,6309,Carmen,,2,1,海南,TY
1963,13,196313,6309,Carmen,,2,2,广东,TY
1963,14,196314,,,,1,1,海南,TD
1963,17,196317,,,,1,1,海南,
1963,18,196318,6311,Faye,,1,1,海南,TY
1963,20,196320,6312,Gloria,,1,1,福建,STS
1964,2,196402,6402,Viola,,1,1,广东,STS
1964,3,196403,6403,Winnie,,1,1,海南,TY
1964,11,196411,6410,Helen,,1,1,辽宁,TS
1964,12,196412,6411,Ida,,1,1,广东,TY
1964,13,196413,6412,June,,2,1,广东,TD
1964,13,196413,6412,June,,2,2,海南,TD
1964,19,196419,6415,Ruby,,1,1,广东,TY
1964,20,196420,6416,Sally,,1,1,广东,TY
1964,29,196429,6423,Dot,,1,1,广东,TY
1965,12,196512,,,,1,1,海南,TD
1965,13,196513,6506,Dinah,,1,1,台湾,TY
1965,17,196517,6508,Freda,,2,1,广东,TY
1965,17,196517,6508,Freda,,2,2,广西,TS
1965,19,196519,6509,Gilda,,1,1,广东,TS
1965,21,196521,6510,Harriet,,3,1,台湾,TY
1965,21,196521,6510,Harriet,,3,2,福建,STS
1965,21,196521,6510,Harriet,,3,3,山东,TD
1965,25,196525,6513,Mary,,2,1,台湾,TY
1965,25,196525,6513,Mary,,2,2,福建,TS
1965,26,196526,6514,Nadine,,1,1,海南,TS
1965,30,196530,6517,Rose,,1,1,广东,STS
1965,35,196535,6521,Agnes,,1,1,广东,TS
1965,39,196539,6522,Elaine,,1,1,海南,TD
1966,4,196604,6603,Judy,,1,1,台湾,STS
1966,6,196606,6605,Lola,,1,1,广东,STS
1966,7,196607,6606,Mamie,,1,1,广东,TS
1966,9,196609,,,,1,1,台湾,
1966,11,196611,6608,Ora,,2,1,广东,TY
1966,11,196611,6608,Ora,,2,2,广西,STS
1966,12,196612,6609,Phyllis,,1,1,海南,TD
1966,16,196616,6611,Tess,,1,1,福建,STS
1966,18,196618,6612,Winnie,,1,1,辽宁,TD
1966,20,196620,6614,Alice,,1,1,福建,TY
1966,21,196621,6615,Cora,,1,1,福建,TY
1966,25,196625,6617,Elsie,,1,1,台湾,TY
1967,8,196708,6702,Anita,,1,1,广东,TY
1967,11,196711,6704,Clara,,2,1,台湾,TY
1967,11,196711,6704,Clara,,2,2,福建,TS
1967,14,196714,6705,Dot,,2,1,山东,STS
1967,14,196714,6705,Dot,,2,2,辽宁,TS
1967,17,196717,6706,Fran,,1,1,广东,TY
1967,19,196719,6708,,,2,1,台湾,TD
1967,19,196719,6708,,,2,2,福建,TS
1967,22,196722,6709,,,1,1,广东,
1967,24,196724,6710,Iris,,1,1,广东,TD
1967,26,196726,6711,Kate,,1,1,广东,TS
1967,31,196731,6714,Nora,,2,1,台湾,STS
1967,31,196731,6714,Nora,,2,2,福建,TD
1967,33,196733,6715,Patsy,,1,1,海南,TS
1967,47,196747,6718,Carla,,1,1,广东,TS
1967,49,196749,6720,Emma,,1,1,广东,TS
1967,51,196751,6721,Gilda,,1,1,台湾,TY
1968,9,196809,6803,Nadine,,2,1,台湾,TY
1968,9,196809,6803,Nadine,,2,2,台湾,TS
1968,13,196813,,,,1,1,海南,
1968,15,196815,6806,Rose,,1,1,海南,STS
1968,17,196817,6808,Shirley,,1,1,香港,TY
1968,21,196821,6811,Wendy,,1,1,广东,TY
1968,23,196823,6810,Bess,,1,1,海南,
1968,27,196827,6814,Elaine,,1,1,广东,STS
1969,7,196907,6903,Viola,,1,1,广东,TY
1969,8,196908,6902,,,1,1,海南,
1969,11,196911,6906,Betty,,1,1,福建,TY
1969,16,196916,6909,,,1,1,台湾,TS
1969,18,196918,6810,,,1,1,台湾,TS
1969,20,196920,6911,Elsie,,2,1,台湾,TY
1969,20,196920,6911,Elsie,,2,2,福建,STS
1970,4,197004,,,,1,1,台湾,
1970,5,197005,,,,1,1,海南,TD
1970,8,197008,7003,Ruby,,1,1,广东,TS
1970,14,197014,7004,,,1,1,广东,TS
1970,17,197017,7005,Violet,,1,1,广东,TD
1970,27,197027,7010,Fran,,2,1,台湾,STS
1970,27,197027,7010,Fran,,2,2,福建,TD
1970,29,197029,,,,1,1,海南,
1970,30,197030,7011,Georgia,,1,1,广东,TS
1970,39,197039,7013,Joan,,2,1,海南,TY
1970,39,197039,7013,Joan,,2,2,广东,TS
1971,5,197105,7102,Wanda,,1,1,海南,TS
1971,10,197110,7106,Dinah,,2,1,海南,STS
1971,10,197110,7106,Dinah,,2,2,广西,TS
1971,12,197112,7108,Freda,,1,1,广东,STS
1971,14,197114,7109,Gilda,,3,1,海南,TY
1971,14,197114,7109,Gilda,,3,2,广东,TY
1971,14,197114,7109,Gilda,,3,3,广西,TY
1971,18,197118,7113,Jean,,1,1,海南,TS
1971,19,197119,7114,Lucy,,1,1,广东,STS
1971,21,197121,7115,Nadine,,2,1,台湾,TY
1971,21,197121,7115,Nadine,,2,2,福建,TD
1971,25,197125,7118,Rose,,1,1,广东,STS
1971,32,197132,7122,Agnes,,2,1,台湾,TY
1971,32,197132,7122,Agnes,,2,2,福建,TS
1971,35,197135,7123,Bess,,2,1,台湾,TY
1971,35,197135,7123,Bess,,2,2,福建,TY
1971,37,197137,7125,Della,,1,1,海南,STS
1971,39,197139,7126,Elaine,,1,1,海南,STS
1972,8,197208,7202,Ora,,1,1,广东,TS
1972,9,197209,7203,Rita,,2,1,山东,STS
1972,9,197209,7203,Rita,,2,2,天津,TD
1972,10,197210,7204,Susan,,1,1,福建,TD
1972,16,197216,7207,Winnie,,1,1,浙江,STS
1972,18,197218,7209,Betty,,1,1,浙江,TY
1972,19,197219,7210,Cora,,1,1,海南,STS
1972,33,197233,7220,Pamela,,2,1,海南,TY
1972,33,197233,7220,Pamela,,2,2,广东,STS
1973,1,197301,7301,Wilda,,1,1,福建,TY
1973,3,197303,7303,Billie,,2,1,山东,TS
1973,3,197303,7303,Billie,,2,2,辽宁,TD
1973,4,197304,7304,Dot,,1,1,广东,STS
1973,8,197308,7307,Georgia,,1,1,广东,STS
1973,12,197312,7310,Joan,,1,1,广东,TD
1973,13,197313,7311,Kate,,1,1,海南,STS
1973,15,197315,7312,,,1,1,广东,TD
1973,16,197316,7313,Louise,,1,1,广东,TY
1973,17,197317,7314,Marge,,1,1,海南,SuperTY
1973,19,197319,7315,Nora,,1,1,福建,TY
1973,22,197322,7318,Ruth,,1,1,海南,TY
1974,5,197405,7405,,,1,1,广东,TS
1974,6,197406,7406,Dinah,,1,1,海南,STS
1974,12,197412,7410,Jean,,2,1,台湾,STS
1974,12,197412,7410,Jean,,2,2,浙江,STS
1974,13,197413,7411,Ivy,,1,1,广东,TY
1974,17,197417,7412,Lucy,,1,1,福建,TD
1974,18,197418,7413,Mary,,1,1,浙江,TY
1974,25,197425,7416,,,2,1,山东,STS
1974,25,197425,7416,,,2,2,辽宁,TS
1974,27,197427,7419,,,1,1,广东,TS
1974,30,197430,7420,Wendy,,1,1,台湾,STS
1974,32,197432,7421,Bess,,1,1,海南,STS
1974,34,197434,7423,Della,,1,1,海南,TY
1974,39,197439,7427,Irma,,1,1,广东,TS
1975,3,197503,,,,1,1,海南,TD
1975,6,197506,7503,Nina,,2,1,台湾,SuperTY
1975,6,197506,7503,Nina,,2,2,福建,TY
1975,9,197509,7504,Ora,,1,1,浙江,TY
1975,10,197510,7506,,,2,1,海南,TD
1975,10,197510,7506,,,2,2,广东,TD
1975,13,197513,,,,1,1,海南,
1975,20,197520,7510,Alice,,1,1,海南,STS
1975,21,197521,7511,Betty,,2,1,台湾,TY
1975,21,197521,7511,Betty,,2,2,福建,TY
1975,23,197523,7513,Doris,,1,1,广东,TY
1975,25,197525,7515,Flossie,,1,1,广东,STS
1976,10,197610,,,,3,1,海南,
1976,10,197610,,,,3,2,广东,
1976,10,197610,,,,3,3,广西,
1976,14,197614,7610,Violet,,1,1,广东,STS
1976,17,197617,7613,Billie,,2,1,台湾,STY
1976,17,197617,7613,Billie,,2,2,福建,TY
1976,18,197618,7614,Clara,,1,1,广东,STS
1976,20,197620,7616,Ellen,,1,1,广东,STS
1976,23,197623,7619,Iris,,3,1,广东,STS
1976,23,197623,7619,Iris,,3,2,海南,TD
1976,23,197623,7619,Iris,,3,3,海南,TD
1977,4,197704,7701,Ruth,,1,1,福建,TD
1977,5,197705,7702,(-)1,,1,1,海南,
1977,5,197705,7702,,,1,1,广东,TD
1977,6,197706,7703,Sarah,,1,1,海南,STS
1977,7,197707,7704,Thelma,,2,1,台湾,TY
1977,7,197707,7704,Thelma,,2,2,福建,TD
1977,8,197708,7705,Vera,,2,1,台湾,STY
1977,8,197708,7705,Vera,,2,2,福建,STS
1977,12,197712,7707,Amy(-)1,,1,1,台湾,TD
1977,16,197716,7708,Babe,,1,1,上海,STS
1977,19,197719,7712,Freda,,1,1,广东,TS
1978,4,197804,7803,Rose,,1,1,台湾,
1978,5,197805,,,,1,1,广东,
1978,8,197808,7805,Trix,,1,1,浙江,TY
1978,11,197811,7807,Agnes,,2,1,广东,TS
1978,11,197811,7807,Agnes,,2,2,广东,
1978,13,197813,7809,Bess,,1,1,海南,TS
1978,15,197815,7811,Della,,2,1,台湾,TS
1978,15,197815,7811,Della,,2,2,福建,TD
1978,18,197818,7812,Elaine,,2,1,广东,STS
1978,18,197818,7812,Elaine,,2,2,广西,STS
1978,27,197827,7818,Lola,,1,1,海南,STS
1979,8,197908,7905,Ellis,,1,1,广东,TD
1979,11,197911,7908,Hope,,1,1,广东,TY
1979,12,197912,7907,Gordon,,1,1,广东,STS
1979,18,197918,7910,Judy,,1,1,浙江,STS
1979,23,197923,7913,Mac,,2,1,广东,TS
1979,23,197923,7913,Mac,,2,2,广东,
1979,24,197924,7914,Nancy,,1,1,海南,TS
1980,6,198006,8004,Georgia,,1,1,广东,TS
1980,7,198007,8005,Herbert,,2,1,海南,TS
1980,7,198007,8005,Herbert,,2,2,广西,TS
1980,9,198009,8006,Ida,,1,1,广东,TS
1980,10,198010,8008,,,1,1,广东,TS
1980,11,198011,8007,Joe,,1,1,广东,TY
1980,12,198012,8009,Kim,,1,1,广东,STS
1980,15,198015,8011,,,1,1,广东,TD
1980,16,198016,8012,Norris,,2,1,台湾,TY
1980,16,198016,8012,Norris,,2,2,福建,STS
1980,17,198017,,,,1,1,海南,
1980,22,198022,8014,Ruth,,1,1,海南,STS
1980,23,198023,8015,Percy,,2,1,台湾,SuperTY
1980,23,198023,8015,Percy,,2,2,福建,STY
1981,4,198104,8103,Ike,,1,1,台湾,STS
1981,5,198105,8104,June,,1,1,台湾,STS
1981,6,198106,8105,Kelly,,1,1,海南,STY
1981,7,198107,8106,Lynn,,1,1,广东,STS
1981,8,198108,8107,Maury,,2,1,福建,STS
1981,8,198108,8107,Maury,,2,2,广西,TD
1981,9,198109,8108,,,1,1,浙江,TS
1981,13,198113,8111,Roy,,1,1,海南,TD
1981,17,198117,8113,Warren,,1,1,海南,TS
1981,21,198121,8116,Clara,,1,1,广东,STS
1981,23,198123,,,,1,1,广东,TD
1981,25,198125,,,,3,1,广东,TD
1981,25,198125,,,,3,2,广东,TD
1981,25,198125,,,,3,3,广西,
1981,29,198129,8120,,,1,1,海南,TS
1982,9,198209,8208,Winona,,2,1,广东,TS
1982,9,198209,8208,Winona,,2,2,广西,TD
1982,10,198210,8209,Andy,,1,1,台湾,STY
1982,10,198210,8209,Andy(-)1,,1,1,福建,TS
1982,13,198213,8212,Dot,,2,1,台湾,STS
1982,13,198213,8212,Dot,,2,2,福建,TS
1982,19,198219,8217,Irving,,2,1,广东,STS
1982,19,198219,8217,Irving,,2,2,广西,STS
1983,2,198302,8302,Tip,,2,1,海南,TD
1983,2,198302,8302,Tip,,2,2,广东,TD
1983,3,198303,8303,Vera,,1,1,海南,TY
1983,4,198304,8304,Wayne,,1,1,福建,TY
1983,9,198309,8309,Ellen,,1,1,广东,TY
1983,11,198311,8311,Georgia,,1,1,海南,STS
1983,15,198315,8314,Kim,,1,1,广东,STS
1984,2,198402,8402,Wynne,,2,1,广东,STS
1984,2,198402,8402,Wynne,,2,2,广西,STS
1984,3,198403,8403,Alex,,1,1,台湾,STS
1984,3,198403,8403,Alex(-)1,,1,1,浙江,STS
1984,4,198404,8404,Betty,,1,1,广东,STS
1984,7,198407,8406,Ed,,2,1,江苏,STS
1984,7,198407,8406,Ed,,2,2,山东,
1984,8,198408,8407,Freda,,2,1,台湾,STS
1984,8,198408,8407,Freda,,2,2,福建,STS
1984,9,198409,,,,1,1,海南,TD
1984,12,198412,8408,Gerald,,1,1,广东,TD
1984,14,198414,,,,1,1,山东,
1984,15,198415,8410,Ike,,3,1,海南,TY
1984,15,198415,8410,Ike,,3,2,广东,STS
1984,15,198415,8410,Ike,,3,3,广西,STS
1984,16,198416,8411,June,,1,1,广东,TS
1985,5,198505,8503,,,1,1,海南,
1985,7,198507,8504,Hal,,1,1,广东,STS
1985,10,198510,,,,1,1,广东,
1985,11,198511,8506,Jeff,,2,1,浙江,TY
1985,11,198511,8506,Jeff,,2,2,辽宁,TD
1985,13,198513,,,,1,1,广东,
1985,15,198515,8509,Mimie,,3,1,江苏,STS
1985,15,198515,8509,Mimie,,3,2,山东,STS
1985,15,198515,8509,Mimie,,3,3,辽宁,STS
1985,16,198516,8510,Nelson,,1,1,福建,STY
1985,17,198517,,,,2,1,广东,
1985,17,198517,,,,2,2,广东,TS
1985,22,198522,8515,T]ess,,1,1,广东,STS
1985,23,198523,,,,1,1,辽宁,TD
1985,25,198525,8517,Winona,,1,1,广东,STS
1985,26,198526,8518,Andy,,1,1,海南,STS
1985,30,198530,8521,Dot,,1,1,海南,TY
1986,4,198604,8604,Mac,,1,1,海南,
1986,6,198606,8605,Nancy,,1,1,台湾,TY
1986,7,198607,,,,1,1,广东,
1986,9,198609,8607,Peggy,,1,1,广东,STS
1986,11,198611,8609,,,2,1,广东,TS
1986,11,198611,8609,,,2,2,广西,TS
1986,15,198615,8613,,,1,1,海南,TD
1986,15,198615,8613,(–),,1,1,海南,
1986,18,198618,8616,Wayne,,3,1,台湾,TY
1986,18,198618,8616,Wayne,,3,2,海南,TY
1986,18,198618,8616,Wayne,,3,3,广东,TY
1986,20,198620,8617,Abby,,1,1,台湾,STY
1986,24,198624,8621,Ellen,,1,1,广东,TS
1987,3,198703,8702,Ruth,,1,1,广东,STS
1987,7,198707,8705,Vernon,,1,1,台湾,STS
1987,9,198709,8707,Alex,,3,1,台湾,TY
1987,9,198709,8707,Alex,,3,2,浙江,STS
1987,9,198709,8707,Alex,,3,3,山东,TD
1987,12,198712,8710,Cary,,1,1,海南,TY
1987,15,198715,8712,Gerald,,1,1,福建,STS
1987,23,198723,8719,Luynn,,1,1,广东,TD
1988,2,198802,8802,Susan,,1,1,台湾,TY
1988,5,198805,8804,Vanessa,,1,1,广东,TD
1988,7,198807,8805,Warren,,1,1,广东,TY
1988,10,198810,,,,1,1,海南,TD
1988,11,198811,8807,Bill,,1,1,浙江,TY
1988,23,198823,8817,Kit,,1,1,广东,STS
1988,24,198824,8819,Mimie,,1,1,广东,TD
1988,26,198826,,,,1,1,海南,TD
1988,31,198831,8823,Pat,,1,1,海南,TY
1988,32,198832,8824,Ruby,,1,1,海南,STS
1989,4,198904,8903,Brenda,,1,1,广东,STS
1989,6,198906,8905,Dot,,1,1,海南,TY
1989,9,198909,8907,Faye,,1,1,海南,TS
1989,10,198910,8908,Gordon,,1,1,广东,TY
1989,11,198911,8909,Hope,,1,1,浙江,TY
1989,14,198914,8913,Ken,,1,1,上海,STS
1989,15,198915,8912,,,1,1,台湾,TS
1989,17,198917,,,,2,1,海南,
1989,17,198917,,,,2,2,广西,
1989,21,198921,8918,,,1,1,福建,TD
1989,26,198926,8921,Sarah,,1,1,台湾,SuperTY
1989,26,198926,8921,Sarah(-)1,,2,1,台湾,TY
1989,26,198926,8921,Sarah(-)1,,2,2,福建,STS
1989,28,198928,8923,Vera,,1,1,浙江,STS
1989,31,198931,8926,Brian,,1,1,海南,TY
1989,34,198934,8929,Elsie,,1,1,海南,STS
1990,3,199003,9003,Marian,,1,1,台湾,TD
1990,5,199005,,,,1,1,海南,
1990,6,199006,9004,Nathan,,1,1,广东,STS
1990,8,199008,9005,Ofelia,,2,1,台湾,TY
1990,8,199008,9005,Ofelia,,2,2,福建,STS
1990,9,199009,9006,Percy,,1,1,福建,TY
1990,15,199015,9009,Tasha,,1,1,广东,STS
1990,18,199018,9012,Yancy,,4,1,台湾,STY
1990,18,199018,9012,Yancy,,4,2,福建,TS
1990,18,199018,9012,Yancy,,4,3,福建,TS
1990,18,199018,9012,Yancy,,4,4,福建,TS
1990,22,199022,9015,Abe,,1,1,浙江,TY
1990,23,199023,9017,Cecil,,1,1,福建,TS
1990,24,199024,9018,Dot,,1,1,台湾,TY
1990,24,199024,9018,Dot(-)1,,1,1,福建,STS
1990,33,199033,9025,,,1,1,海南,STS
1991,3,199103,9103,Vanessa,,1,1,海南,TD
1991,7,199107,9106,Zeke,,1,1,海南,TY
1991,8,199108,9107,Amy,,1,1,广东,TY
1991,9,199109,9108,Brendan,,1,1,广东,TY
1991,13,199113,9111,Fred,,2,1,广东,STY
1991,13,199113,9111,Fred,,2,2,海南,TY
1991,18,199118,9116,Joel,,1,1,广东,STS
1991,22,199122,9119,Nat,,2,1,台湾,STY
1991,22,199122,9119,Nat,,2,2,广东,STS
1992,4,199204,9204,Chuck,,1,1,海南,TY
1992,6,199206,9205,Eli,,1,1,海南,TY
1992,7,199207,9206,Faye,,1,1,广东,TS
1992,8,199208,9207,Gary,,1,1,广东,STS
1992,14,199214,9212,Mark,,1,1,广东,TS
1992,16,199216,9215,Omar,,2,1,台湾,STS
1992,16,199216,9215,Omar,,2,2,福建,STS
1992,17,199217,9216,Polly,,2,1,台湾,STS
1992,17,199217,9216,Polly,,2,2,福建,TS
1992,20,199220,9219,Ted,,2,1,台湾,TY
1992,20,199220,9219,Ted,,2,2,浙江,STS
1992,21,199221,,,,1,1,海南,TD
1993,3,199303,9302,Koryn,,1,1,广东,TY
1993,5,199305,9303,Lewis,,1,1,海南,STS
1993,12,199312,9309,Tasha,,1,1,广东,TY
1993,18,199318,9315,Abe,,1,1,广东,TY
1993,19,199319,9316,Becky,,1,1,广东,TY
1993,20,199320,9318,Dot,,1,1,广东,TY
1993,25,199325,,,,1,1,广东,TD
1993,27,199327,9323,Ira,,1,1,广东,TS
1994,3,199403,9403,Russ,,1,1,广东,STS
1994,4,199404,9404,Sharon,,1,1,广东,TD
1994,5,199405,9405,,,1,1,广东,TS
1994,6,199406,9406,Tim,,2,1,台湾,STY
1994,6,199406,9406,Tim,,2,2,福建,STS
1994,11,199411,,,,1,1,广西,TD
1994,15,199415,9413,Caitlin,,2,1,台湾,STS
1994,15,199415,9413,Caitlin,,2,2,福建,TS
1994,16,199416,9414,Dous,,2,1,台湾,STY
1994,16,199416,9414,Dous,,2,2,江苏,TD
1994,17,199417,9415,Ellie,,2,1,山东,STS
1994,17,199417,9415,Ellie,,2,2,辽宁,TS
1994,19,199419,9417,Fred,,1,1,浙江,TY
1994,20,199420,9418,Gladys,,2,1,台湾,TY
1994,20,199420,9418,Gladys,,2,2,福建,STS
1994,21,199421,9419,Harry,,1,1,广东,STS
1994,24,199424,9422,Joel,,1,1,海南,TS
1994,26,199426,9424,Luke,,1,1,海南,STS
1995,2,199502,9502,Deanna,,1,1,台湾,TD
1995,4,199504,9504,Gary,,1,1,广东,STS
1995,5,199505,9505,Helen,,1,1,广东,STS
1995,6,199506,9506,Irving,,2,1,广东,TS
1995,6,199506,9506,Irving,,2,2,广西,TD
1995,7,199507,9507,Janis,,1,1,浙江,STS
1995,8,199508,9508,Lois,,1,1,海南,STS
1995,9,199509,9509,Kent,,1,1,广东,TY
1995,11,199511,9511,Nina,,2,1,海南,TS
1995,11,199511,9511,Nina,,2,2,广东,TD
1995,15,199515,9515,Sibyl,,1,1,广东,STS
1995,16,199516,9516,Ted,,1,1,广西,TS
1995,21,199521,9521,Angela,,1,1,海南,TD
1996,7,199607,9606,Frankie,,1,1,海南,STS
1996,8,199608,9607,Gloria,,1,1,福建,TS
1996,9,199609,9608,Herb,,2,1,台湾,TY
1996,9,199609,9608,Herb,,2,2,福建,TY
1996,12,199612,9610,Lisa,,1,1,福建,TS
1996,14,199614,9612,Niki,,1,1,海南,TY
1996,17,199617,9615,Sally,,3,1,广东,STY
1996,17,199617,9615,Sally,,3,2,广西,STS
1996,17,199617,9615,Sally,,3,3,广西,TS
1996,21,199621,9618,Willie,,1,1,广东,STS
1997,13,199713,9710,Victor,,1,1,香港,STS
1997,14,199714,9711,Winnie,,2,1,浙江,TY
1997,14,199714,9711,Winnie,,2,2,辽宁,TS
1997,16,199716,9713,Zita,,1,1,广东,STS
1997,17,199717,9714,Amber,,2,1,台湾,TY
1997,17,199717,9714,Amber,,2,2,福建,STS
1997,19,199719,TS19,Cass,,1,1,福建,TD
1998,1,199801,9801,Nichole,,1,1,台湾,TS
1998,3,199803,9802,Otto,,2,1,台湾,STS
1998,3,199803,9802,Otto,,2,2,福建,TS
1998,4,199804,9803,Penny,,1,1,广东,STS
1998,5,199805,,,,1,1,广东,TD
1998,8,199808,,,,1,1,海南,TD
1998,10,199810,9806,Todd,,1,1,浙江,STS
1999,3,199903,9902,Leo,,1,1,广东,TD
1999,4,199904,9903,Maggie,,3,1,广东,TY
1999,4,199904,9903,Maggie,,3,2,香港,STS
1999,4,199904,9903,Maggie,,3,3,广东,TS
1999,9,199909,9905,,,1,1,福建,TD
1999,12,199912,,Rachel,,1,1,台湾,TD
1999,13,199913,9908,Sam,,1,1,广东,STS
1999,17,199917,9909,Wendy,,1,1,广东,TD
1999,18,199918,9910,York,,1,1,广东,STS
1999,22,199922,9913,Cam,,1,1,香港,TD
1999,23,199923,9914,Dan,,1,1,福建,TY
2000,5,200005,,,,1,1,香港,TD
2000,7,200007,4,Kai-tak,启德,2,1,台湾,STS
2000,7,200007,4,Kai-tak,启德,2,2,浙江,STS
2000,8,200008,,,,1,1,广东,TD
2000,12,200012,8,Jelawat,杰拉华,1,1,浙江,TY
2000,14,200014,10,Bilis,碧利斯,2,1,台湾,TY
2000,14,200014,10,Bilis,碧利斯,2,2,福建,TY
2000,17,200017,13,Maria,玛利亚,1,1,广东,STS
2000,20,200020,16,Wukong,悟空,1,1,海南,TY
2001,2,200102,102,Chebi,飞燕,1,1,福建,TY
2001,3,200103,103,Durian,榴莲,2,1,广东,TY
2001,3,200103,103,Durian,榴莲,2,2,广西,STS
2001,4,200104,104,Utor,尤特,1,1,广东,STS
2001,5,200105,105,Trami,潭美,1,1,台湾,TS
2001,7,200107,107,Yutu,玉兔,1,1,广东,TY
2001,8,200108,108,Toraji,桃芝,3,1,台湾,TY
2001,8,200108,108,Toraji,桃芝,3,2,福建,STS
2001,8,200108,108,Toraji,桃芝,3,3,山东,TD
2001,9,200109,,,,2,1,台湾,TD
2001,9,200109,,,,2,2,福建,TD
2001,16,200116,114,Fitow,菲特,3,1,海南,TD
2001,16,200116,114,Fitow,菲特,3,2,广西,TS
2001,16,200116,114,Fitow,菲特,3,3,海南,
2001,18,200118,116,Nari,百合,2,1,台湾,TY
2001,18,200118,116,Nari,百合,2,2,广东,STS
2001,21,200121,119,Lekima,利奇马,1,1,台湾,TY
2002,10,200210,208,Nakri,娜基莉,1,1,台湾,TS
2002,11,200211,209,Fengshen,风神,1,1,山东,TD
2002,15,200215,212,Kammuri,北冕,1,1,广东,STS
2002,17,200217,214,Vongfong,黄蜂,1,1,广东,STS
2002,19,200219,216,Sinlaku,森拉克,1,1,浙江,TY
2002,21,200221,218,Hagupit,黑格比,1,1,广东,STS
2002,23,200223,220,Mekkhala,米克拉,3,1,海南,TS
2002,23,200223,220,Mekkhala,米克拉,3,2,广西,TS
2002,23,200223,220,Mekkhala,米克拉,3,3,广东,TD
2003,8,200308,308,Koni,天鹅,1,1,海南,TS
2003,9,200309,307,Imbudo,伊布都,1,1,广东,TY
2003,10,200310,309,Morakot,莫拉克,2,1,台湾,STS
2003,10,200310,309,Morakot,莫拉克,2,2,福建,TD
2003,12,200312,312,Krovanh,科罗旺,2,1,海南,TY
2003,12,200312,312,Krovanh,科罗旺,2,2,广东,TY
2003,13,200313,311,Vamco,环高,1,1,浙江,TS
2003,15,200315,313,Dujuan,杜鹃,3,1,广东,TY
2003,15,200315,313,Dujuan,杜鹃,3,2,广东,TY
2003,15,200315,313,Dujuan,杜鹃,3,3,广东,TY
2003,23,200323,320,Nepartak,尼伯特,1,1,海南,TY
2004,10,200410,407,Mindule,蒲公英,2,1,台湾,STS
2004,10,200410,407,Mindule,蒲公英,2,2,浙江,STS
2004,12,200412,409,Kompasu,圆规,1,1,香港,TS
2004,14,200414,411,,,1,1,广东,TS
2004,17,200417,414,Rananim,云娜,1,1,浙江,STY
2004,20,200420,418,Chaba,暹芭,1,1,福建,TY
2004,25,200425,421,Haima,海马,2,1,台湾,TD
2004,25,200425,421,Haima,海马,2,2,浙江,TS
2004,29,200429,425,Nock-ten,洛坦,1,1,台湾,STY
2004,32,200432,428,Nanmadol,南玛都,1,1,台湾,STS
2005,5,200505,505,Haitang,海棠,2,1,台湾,STY
2005,5,200505,505,Haitang,海棠,2,2,福建,TY
2005,8,200508,508,Washi,天鹰,1,1,海南,STS
2005,9,200509,509,Matsa,麦莎,2,1,浙江,STY
2005,9,200509,509,Matsa,麦莎,2,2,辽宁,TD
2005,10,200510,510,Sanvn,珊瑚,1,1,广东,STS
2005,13,200513,513,Talim,泰利,2,1,台湾,TY
2005,13,200513,513,Talim,泰利,2,2,福建,TY
2005,15,200515,515,Khanun,卡努,1,1,浙江,STY
2005,18,200518,518,Damrcy,达维,1,1,海南,STY
2005,19,200519,519,Longwang,龙王,2,1,台湾,STY
2005,19,200519,519,Longwang,龙王,2,2,福建,STS
2006,2,200602,601,Chanchu,珍珠,1,1,广东,TY
2006,3,200603,602,Jelawat,杰拉华,1,1,广东,TD
2006,5,200605,,,,1,1,海南,TD
2006,6,200606,604,Bilis,碧利斯,2,1,台湾,STS
2006,6,200606,604,Bilis,碧利斯,2,2,福建,STS
2006,7,200607,605,Kaemi,格美,2,1,台湾,TY
2006,7,200607,605,Kaemi,格美,2,2,福建,TY
2006,8,200608,606,Prapiroon,派比安,1,1,广东,TY
2006,10,200610,608,Saomai,桑美,1,1,浙江,SuperTY
2006,11,200611,609,Bopha,宝霞,1,1,台湾,TS
2006,14,200614,,,,1,1,广东,TD
2006,17,200617,,,,1,1,广东,TD
2007,3,200703,703,Toraji,桃芝,2,1,海南,TD
2007,3,200703,703,Toraji,桃芝,2,2,广西,TS
2007,7,200707,707,Pabuk,帕布,3,1,台湾,S
2007,7,200707,707,Pabuk,帕布,3,2,香港,TS
2007,7,200707,707,Pabuk,帕布,3,3,广东,TD
2007,8,200708,708,Wutip,蝴蝶,1,1,台湾,TS
2007,9,200709,709,Sepat,圣帕,2,1,台湾,STY
2007,9,200709,709,Sepat,圣帕,2,2,福建,TY
2007,13,200713,713,Wipha,韦帕,1,1,浙江,STY
2007,14,200714,714,Francisco,范斯高,1,1,海南,TS
2007,16,200716,716,Krosa,罗莎,3,1,台湾,STY
2007,16,200716,716,Krosa,罗莎,3,2,台湾,STY
2007,16,200716,716,Krosa,罗莎,3,3,浙江－福建,TY
2008,2,200802,801,Neoguri,浣熊,2,1,海南,STS
2008,2,200802,801,Neoguri,浣熊,2,2,广东,TD
2008,7,200807,806,Fengshen,风神,1,1,广东,TS
2008,8,200808,807,Kalmaegi,海鸥,2,1,台湾,TY
2008,8,200808,807,Kalmaegi,海鸥,2,2,福建,STS
2008,9,200809,808,Fung-wong,凤凰,2,1,台湾,STY
2008,9,200809,808,Fung-wong,凤凰,2,2,福建,TY
2008,10,200810,809,Kammuri,北冕,2,1,广东,TS
2008,10,200810,809,Kammuri,北冕,2,2,广西,TS
2008,13,200813,812,Nuri,鹦鹉,2,1,香港,STS
2008,13,200813,812,Nuri,鹦鹉,2,2,广东,STS
2008,15,200815,813,Sinlaku,森拉克,1,1,台湾,STY
2008,16,200816,814,Hagupit,黑格比,1,1,广东,STY
2008,17,200817,815,Jangmi,蔷薇,1,1,台湾,SuperTY
2008,19,200819,817,Higos,海高斯,2,1,海南,TS
2008,19,200819,817,Higos,海高斯,2,2,广东,TD
2009,3,200903,903,Linfa,莲花,1,1,福建,STS
2009,4,200904,904,Nangka,浪卡,1,1,广东,TS
2009,5,200905,905,Soudelor,苏迪罗,2,1,海南,TS
2009,5,200905,905,Soudelor,苏迪罗,2,2,广东,TS
2009,6,200906,,,,2,1,台湾,TY
2009,6,200906,,,,2,2,福建,TS
2009,7,200907,906,Molave,莫拉菲,1,1,广东,TY
2009,8,200908,907,Goni,天鹅,1,1,广东,STS
2009,9,200909,908,Morakot,莫拉克,2,1,台湾,TY
2009,9,200909,908,Morakot,莫拉克,2,2,福建,TY
2009,14,200914,913,Mujigae,彩虹,1,1,海南,TS
2009,16,200916,915,Koppu,巨爵,1,1,广东,TY
2009,17,200917,916,Pama,芭玛,1,1,海南,TS
2009,23,200923,,,,1,1,海南,TD
2010,2,201002,1002,Conson,康森,1,1,海南,TY
2010,3,201003,1003,Chanthu,灿都,1,1,广东,TY
2010,7,201007,1006,Lionrock,狮子山,1,1,福建,TS
2010,9,201009,1008,Namtheun,南川,1,1,福建,TS
2010,11,201011,1010,Meranti,莫兰蒂,1,1,福建,TY
2010,12,201012,1011,Fanapi,凡亚比,2,1,台湾,STY
2010,12,201012,1011,Fanapi,凡亚比,2,2,福建,TY
2010,14,201014,,,,1,1,海南,TD
2010,15,201015,1013,Megi,鲇鱼,1,1,福建,TY
2011,6,201106,1103,Sarika,莎莉嘉,1,1,广东,TS
2011,7,201107,1104,Haima,海马,2,1,广东,TS
2011,7,201107,1104,Haima,海马,2,2,广东,TS
2011,8,201108,1105,Meari,米雷,1,1,山东,TS
2011,11,201111,1108,Nock-ten,洛坦,1,1,海南,STS
2011,15,201115,1111,Nanmadol,南玛都,2,1,台湾,TY
2011,15,201115,1111,Nanmadol,南玛都,2,2,福建,TS
2011,21,201121,1117,Nesat,纳沙,2,1,海南,STY
2011,21,201121,1117,Nesat,纳沙,2,1,广东,TY
2011,23,201123,1119,Nalgae,尼格,1,1,海南,STS
2012,7,201207,1206,Doksuri,杜苏芮,1,1,广东,STS
2012,9,201209,1208,Vicente,韦森特,1,1,广东,TY
2012,10,201210,1209,Saola,苏拉,2,1,台湾,TY
2012,10,201210,1209,Saola,苏拉,2,2,福建,STS
2012,11,201211,1210,Damrey,达维,1,1,江苏,TY
2012,12,201212,1211,Haikui,海葵,1,1,浙江,STY
2012,14,201214,1213,Kai-tak,启德,1,1,广东,TY
2012,15,201215,1214,Tembin,天秤,1,1,台湾,STY
2013,5,201305,1305,Bebinca,贝碧嘉,1,1,海南,TS
2013,6,201306,1306,Rumbia,温比亚,1,1,广东,STS
2013,7,201307,1307,Soulik,苏力,2,1,台湾,STY
2013,7,201307,1307,Soulik,苏力,2,2,福建,STS
2013,8,201308,1308,Cimaron,西马仑,1,1,福建,TS
2013,9,201309,1309,Jebi,飞燕,1,1,海南,STS
2013,11,201311,1311,Utor,尤特,1,1,广东,STY
2013,12,201312,1312,Trami,潭美,1,1,福建,TY
2013,13,201313,,,,1,1,浙江,TD
2013,20,201320,1320,Usagi,天兔,1,1,广东,STY
2013,25,201325,1323,Fitow,菲特,1,1,福建,STY
