"cyclone_id","cyclone_num","station_id","speed_highwind","time"
"194906","4900","54823","14","1949/7/26 0:00"
"194906","4900","54823","14","1949/7/27 0:00"
"194906","4900","54857","19","1949/7/26 12:50"
"194906","4900","58238","12","1949/7/25 8:00"
"194906","4900","58477","18","1949/7/24 20:00"
"194920","4900","58847","16","1949/9/14 15:00"
"194920","4900","58847","16","1949/9/14 21:00"
"194920","4900","59134","18","1949/9/14 0:00"
"194920","4900","59287","12","1949/9/8 2:00"
"194925","4900","59134","12","1949/10/4 21:00"
"194925","4900","59134","12","1949/10/3 14:00"
"195010","5000","54857","12","1950/8/2 11:50"
"195010","5000","58238","12","1950/8/1 20:00"
"195030","5000","59134","12","1950/10/5 0:00"
"195030","5000","59134","12","1950/10/4 0:00"
"195030","5000","59287","17","1950/10/4 20:00"
"195030","5000","59287","17","1950/10/5 2:00"
"195030","5000","59316","14","1950/10/4 20:00"
"195038","5000","58847","12","1950/11/11 5:00"
"195112","5100","59082","18","1951/8/2 10:00"
"195112","5100","59265","14","1951/8/2 14:00"
"195112","5100","59287","12","1951/8/2 5:00"
"195112","5100","59431","22","1951/8/3 2:00"
"195112","5100","59758","11","1951/8/2 5:00"
"195115","5100","58847","14","1951/8/14 2:00"
"195115","5100","58847","14","1951/8/14 3:00"
"195115","5100","59134","12","1951/8/14 14:00"
"195116","5100","54857","17","1951/8/21 13:00"
"195116","5100","58238","12","1951/8/21 14:00"
"195116","5100","58847","12","1951/8/21 2:00"
"195116","5100","58847","12","1951/8/21 3:00"
"195118","5100","59431","12","1951/9/3 9:00"
"195118","5100","59431","12","1951/9/3 11:00"
"195118","5100","59431","12","1951/9/3 12:00"
"195118","5100","59758","17","1951/9/3 3:00"
"195201","5200","59316","11","1952/6/11 16:00"
"195201","5200","59758","13","1952/6/11 0:00"
"195203","5200","59316","14","1952/6/28 23:00"
"195204","5200","59758","18","1952/7/6 4:00"
"195207","5200","54776","11","1952/7/23 9:00"
"195207","5200","54823","15","1952/7/22 18:10"
"195207","5200","54857","19","1952/7/23 3:50"
"195207","5200","58027","15","1952/7/21 0:00"
"195207","5200","58238","13","1952/7/20 22:00"
"195208","5200","58847","14","1952/7/29 14:00"
"195208","5200","59082","11","1952/7/30 10:00"
"195208","5200","59316","19","1952/7/29 23:00"
"195208","5200","59316","19","1952/7/29 23:00"
"195213","5200","54776","14","1952/8/18 21:00"
"195213","5200","54857","11","1952/8/18 10:50"
"195215","5200","59758","13","1952/8/28 11:00"
"195216","5200","54776","23","1952/9/3 9:00"
"195216","5200","54857","14","1952/9/2 23:50"
"195216","5200","58251","11","1952/9/2 21:00"
"195216","5200","58847","14","1952/9/1 15:00"
"195217","5200","59758","16","1952/9/6 0:00"
"195218","5200","58847","13","1952/9/12 2:00"
"195218","5200","59316","21","1952/9/13 1:00"
"195218","5200","59501","11","1952/9/13 6:00"
"195218","5200","59501","11","1952/9/13 14:00"
"195224","5200","59838","15","1952/10/24 20:00"
"195225","5200","59838","14","1952/10/15 0:00"
"195227","5200","59838","14","1952/10/29 0:00"
"195227","5200","59838","14","1952/10/29 0:00"
"195229","5200","58847","13","1952/11/13 19:00"
"195231","5200","58847","18","1952/11/27 9:00"
"195305","5300","54662","15","1953/7/6 8:00"
"195305","5300","58238","12","1953/7/6 9:12"
"195305","5300","58251","11","1953/7/6 10:07"
"195305","5300","58457","19","1953/7/6 10:00"
"195305","5300","58457","19","1953/7/6 10:00"
"195305","5300","58477","18","1953/7/5 20:00"
"195305","5300","58477","18","1953/7/5 14:00"
"195305","5300","58847","21","1953/7/4 23:00"
"195305","5300","59134","14","1953/7/4 13:00"
"195306","5300","59644","16","1953/7/1 18:00"
"195306","5300","59644","16","1953/7/2 3:00"
"195306","5300","59644","16","1953/7/1 0:00"
"195306","5300","59838","12","1953/7/1 0:00"
"195306","5300","59838","12","1953/7/1 0:00"
"195310","5300","54662","15","1953/8/18 18:55"
"195310","5300","54823","16","1953/8/17 16:17"
"195310","5300","54857","17","1953/8/18 5:01"
"195310","5300","57083","16","1953/8/18 8:00"
"195310","5300","57799","15","1953/8/18 12:00"
"195310","5300","58027","13","1953/8/17 13:00"
"195310","5300","58102","12","1953/8/17 14:00"
"195310","5300","58221","16","1953/8/17 18:00"
"195310","5300","58238","15","1953/8/17 12:12"
"195310","5300","58251","11","1953/8/17 9:22"
"195310","5300","58251","11","1953/8/17 9:22"
"195310","5300","58477","26","1953/8/17 14:00"
"195310","5300","58847","21","1953/8/16 21:00"
"195313","5300","58847","12","1953/8/13 21:00"
"195313","5300","58847","12","1953/8/12 9:00"
"195313","5300","59134","12","1953/8/12 12:00"
"195313","5300","59134","12","1953/8/13 20:00"
"195313","5300","59316","11","1953/8/13 9:00"
"195313","5300","59501","13","1953/8/13 0:00"
"195313","5300","59644","16","1953/8/15 9:00"
"195313","5300","59644","16","1953/8/14 21:00"
"195313","5300","59758","20","1953/8/14 0:00"
"195313","5300","59838","19","1953/8/14 14:00"
"195314","5300","58847","14","1953/8/21 6:00"
"195315","5300","57745","11","1953/9/2 0:00"
"195315","5300","57799","13","1953/9/1 15:00"
"195315","5300","57799","13","1953/9/1 20:00"
"195315","5300","58847","14","1953/9/1 0:00"
"195315","5300","59082","11","1953/9/2 14:00"
"195315","5300","59134","18","1953/9/2 2:00"
"195315","5300","59316","22","1953/9/2 1:00"
"195315","5300","59501","25","1953/9/2 2:00"
"195317","5300","59501","13","1953/9/18 20:00"
"195317","5300","59644","16","1953/9/20 3:00"
"195317","5300","59663","13","1953/9/19 12:00"
"195322","5300","59758","14","1953/10/29 2:00"
"195326","5300","59644","18","1953/11/1 9:00"
"195326","5300","59758","16","1953/11/1 2:00"
"195402","5400","59644","11","1954/5/12 7:00"
"195402","5400","59663","11","1954/5/12 8:00"
"195402","5400","59758","20","1954/5/12 7:00"
"195402","5400","59838","12","1954/5/11 19:00"
"195410","5400","58472","14","1954/8/16 20:00"
"195411","5400","54662","12","1954/8/26 20:09"
"195411","5400","54776","12","1954/8/26 13:00"
"195411","5400","54857","20","1954/8/25 17:45"
"195411","5400","58238","12","1954/8/25 17:53"
"195411","5400","58238","12","1954/8/25 17:11"
"195411","5400","58472","18","1954/8/25 8:00"
"195411","5400","58477","12","1954/8/25 1:00"
"195411","5400","58477","12","1954/8/25 1:00"
"195413","5400","58847","21","1954/8/28 14:00"
"195413","5400","59287","12","1954/8/29 20:00"
"195413","5400","59501","13","1954/8/29 0:00"
"195413","5400","59644","31","1954/8/30 7:00"
"195413","5400","59663","16","1954/8/29 18:00"
"195413","5400","59758","18","1954/8/30 1:00"
"195413","5400","59838","12","1954/8/30 1:00"
"195416","5400","59431","14","1954/9/4 19:00"
"195416","5400","59644","12","1954/9/4 19:00"
"195416","5400","59644","12","1954/9/4 7:00"
"195416","5400","59758","13","1954/9/2 13:00"
"195417","5400","50745","13","1954/9/15 11:00"
"195417","5400","50745","13","1954/9/15 15:50"
"195417","5400","50788","16","1954/9/14 22:47"
"195417","5400","50963","15","1954/9/14 20:12"
"195417","5400","50978","11","1954/9/14 21:53"
"195417","5400","54094","12","1954/9/14 18:25"
"195417","5400","54342","16","1954/9/15 3:05"
"195417","5400","54662","18","1954/9/14 13:00"
"195417","5400","54776","18","1954/9/14 13:00"
"195417","5400","54776","18","1954/9/14 19:00"
"195417","5400","54823","12","1954/9/13 16:00"
"195417","5400","54843","11","1954/9/13 11:38"
"195417","5400","54857","13","1954/9/14 11:30"
"195417","5400","58238","11","1954/9/13 11:50"
"195417","5400","58472","20","1954/9/13 20:00"
"195417","5400","58472","20","1954/9/13 20:00"
"195417","5400","58477","14","1954/9/13 13:00"
"195423","5400","59758","20","1954/10/11 6:00"
"195423","5400","59758","20","1954/10/11 7:00"
"195423","5400","59838","19","1954/10/11 7:00"
"195424","5400","59758","11","1954/10/6 14:00"
"195424","5400","59758","11","1954/10/6 16:00"
"195427","5400","58847","17","1954/11/4 10:40"
"195427","5400","59287","14","1954/11/6 13:00"
"195427","5400","59501","15","1954/11/6 0:00"
"195429","5400","58847","14","1954/11/9 12:06"
"195429","5400","59134","12","1954/11/11 10:00"
"195429","5400","59316","12","1954/11/11 13:00"
"195506","5500","59758","12","1955/6/26 14:00"
"195506","5500","59758","12","1955/6/26 17:00"
"195506","5500","59838","23","1955/6/26 19:00"
"195507","5500","54662","15","1955/7/16 20:42"
"195507","5500","54857","16","1955/7/16 12:00"
"195507","5500","58472","21","1955/7/15 19:00"
"195519","5500","58847","15","1955/8/24 1:06"
"195519","5500","58847","15","1955/8/24 1:06"
"195521","5500","54342","12","1955/8/29 15:10"
"195521","5500","54471","12","1955/8/29 9:47"
"195521","5500","54497","12","1955/8/29 0:00"
"195521","5500","54662","17","1955/8/29 11:00"
"195521","5500","54776","12","1955/8/29 14:00"
"195521","5500","54776","12","1955/8/29 1:00"
"195521","5500","54857","17","1955/8/29 17:50"
"195521","5500","58472","17","1955/8/27 7:00"
"195526","5500","59316","16","1955/9/24 20:00"
"195526","5500","59644","28","1955/9/26 1:00"
"195526","5500","59644","28","1955/9/26 1:00"
"195526","5500","59663","14","1955/9/25 0:00"
"195526","5500","59758","40","1955/9/25 13:00"
"195526","5500","59838","27","1955/9/25 19:00"
"195527","5500","58472","11","1955/9/29 1:00"
"195607","5600","59501","18","1956/6/30 7:00"
"195609","5600","59265","12","1956/7/8 13:00"
"195609","5600","59644","18","1956/7/8 0:00"
"195609","5600","59644","18","1956/7/8 0:00"
"195609","5600","59758","20","1956/7/8 5:00"
"195609","5600","59838","18","1956/7/8 0:00"
"195609","5600","59838","18","1956/7/8 0:00"
"195612","5600","54843","13","1956/8/2 12:29"
"195612","5600","54843","13","1956/8/3 7:40"
"195612","5600","54857","25","1956/8/3 1:24"
"195612","5600","57297","12","1956/8/2 19:00"
"195612","5600","57297","12","1956/8/2 13:00"
"195612","5600","57494","13","1956/8/2 15:00"
"195612","5600","57494","13","1956/8/2 15:00"
"195612","5600","57662","16","1956/8/2 12:00"
"195612","5600","58027","20","1956/8/3 11:58"
"195612","5600","58102","12","1956/8/2 17:00"
"195612","5600","58102","12","1956/8/2 13:00"
"195612","5600","58203","12","1956/8/2 19:00"
"195612","5600","58221","12","1956/8/3 1:00"
"195612","5600","58238","18","1956/8/2 2:45"
"195612","5600","58251","20","1956/8/2 8:23"
"195612","5600","58314","14","1956/8/2 0:00"
"195612","5600","58457","28","1956/8/2 4:46"
"195612","5600","58472","31","1956/8/1 19:00"
"195612","5600","58472","31","1956/8/1 19:00"
"195612","5600","58477","34","1956/8/1 0:00"
"195612","5600","58477","34","1956/8/1 0:00"
"195612","5600","58606","12","1956/8/1 19:00"
"195612","5600","58606","12","1956/8/1 13:00"
"195612","5600","58847","20","1956/8/1 0:00"
"195618","5600","54776","16","1956/8/17 7:00"
"195618","5600","58472","19","1956/8/16 13:00"
"195619","5600","59838","12","1956/8/16 0:00"
"195621","5600","59644","12","1956/8/31 13:00"
"195621","5600","59758","14","1956/8/31 7:00"
"195621","5600","59758","14","1956/8/30 19:00"
"195621","5600","59838","14","1956/8/31 7:00"
"195621","5600","59838","14","1956/8/31 13:00"
"195622","5600","54497","12","1956/9/5 20:00"
"195622","5600","54776","34","1956/9/5 17:00"
"195622","5600","54843","11","1956/9/5 15:00"
"195622","5600","54857","20","1956/9/5 5:47"
"195622","5600","58102","12","1956/9/5 11:00"
"195622","5600","58221","11","1956/9/5 7:00"
"195622","5600","58221","11","1956/9/5 13:00"
"195622","5600","58238","15","1956/9/4 18:10"
"195622","5600","58251","12","1956/9/4 19:00"
"195622","5600","58251","12","1956/9/5 10:34"
"195622","5600","58472","16","1956/9/4 13:00"
"195622","5600","58477","18","1956/9/4 19:00"
"195622","5600","58847","20","1956/9/3 17:00"
"195622","5600","59134","12","1956/9/4 2:00"
"195622","5600","59134","12","1956/9/4 3:00"
"195623","5600","50788","12","1956/9/10 21:31"
"195623","5600","54161","12","1956/9/11 12:24"
"195623","5600","54776","14","1956/9/10 13:00"
"195623","5600","58251","12","1956/9/9 12:37"
"195623","5600","58472","21","1956/9/8 13:00"
"195623","5600","58477","16","1956/9/9 0:00"
"195623","5600","58847","16","1956/9/9 11:05"
"195626","5600","58606","16","1956/9/19 19:00"
"195626","5600","59134","34","1956/9/18 23:00"
"195627","5600","58847","22","1956/9/24 2:00"
"195630","5600","59758","14","1956/9/29 14:00"
"195705","5700","58251","13","1957/6/26 12:05"
"195705","5700","58472","15","1957/6/27 1:00"
"195705","5700","58472","15","1957/6/25 0:00"
"195705","5700","58666","16","1957/6/26 0:00"
"195705","5700","58847","13","1957/6/26 5:19"
"195707","5700","59758","12","1957/7/4 17:00"
"195707","5700","59838","12","1957/7/5 7:00"
"195708","5700","59316","13","1957/7/16 15:00"
"195708","5700","59501","24","1957/7/16 19:00"
"195710","5700","50788","11","1957/8/22 12:36"
"195710","5700","50978","16","1957/8/22 13:00"
"195710","5700","54662","14","1957/8/21 17:00"
"195710","5700","54776","14","1957/8/21 7:00"
"195710","5700","54776","14","1957/8/21 13:00"
"195710","5700","54857","13","1957/8/20 23:55"
"195710","5700","58265","12","1957/8/20 0:00"
"195710","5700","58472","28","1957/8/19 0:00"
"195710","5700","58472","28","1957/8/19 0:00"
"195710","5700","58477","14","1957/8/20 0:00"
"195710","5700","58477","14","1957/8/20 0:00"
"195710","5700","58666","18","1957/8/19 0:00"
"195711","5700","59644","12","1957/8/18 13:00"
"195711","5700","59663","14","1957/8/19 14:00"
"195711","5700","59663","14","1957/8/17 9:00"
"195711","5700","59663","14","1957/8/17 11:00"
"195711","5700","59758","18","1957/8/18 1:00"
"195711","5700","59838","16","1957/8/18 0:00"
"195715","5700","58472","16","1957/9/5 0:00"
"195715","5700","58472","16","1957/9/6 0:00"
"195715","5700","58666","12","1957/9/6 0:00"
"195715","5700","58666","12","1957/9/5 0:00"
"195717","5700","58666","14","1957/9/14 0:00"
"195717","5700","58847","17","1957/9/14 12:02"
"195717","5700","58847","17","1957/9/14 12:02"
"195717","5700","59316","13","1957/9/15 7:27"
"195719","5700","59287","14","1957/9/23 7:00"
"195719","5700","59287","14","1957/9/23 7:00"
"195719","5700","59316","11","1957/9/22 9:45"
"195719","5700","59501","18","1957/9/22 0:00"
"195719","5700","59663","20","1957/9/22 0:00"
"195719","5700","59663","20","1957/9/23 0:00"
"195722","5700","59758","12","1957/10/12 11:00"
"195723","5700","59501","12","1957/10/15 0:00"
"195804","5800","59501","14","1958/5/30 0:00"
"195804","5800","59663","14","1958/6/1 7:00"
"195804","5800","59663","14","1958/6/1 8:00"
"195804","5800","59758","17","1958/6/2 6:35"
"195804","5800","59838","14","1958/6/4 7:00"
"195810","5800","57494","13","1958/7/17 16:48"
"195810","5800","58027","11","1958/7/17 12:50"
"195810","5800","58238","14","1958/7/17 11:29"
"195810","5800","58251","12","1958/7/17 9:28"
"195810","5800","58472","16","1958/7/16 19:00"
"195810","5800","58472","16","1958/7/16 19:00"
"195810","5800","58477","12","1958/7/16 0:00"
"195810","5800","58666","14","1958/7/17 0:00"
"195810","5800","58847","19","1958/7/16 6:52"
"195810","5800","59134","12","1958/7/15 13:40"
"195813","5800","59134","18","1958/7/23 0:10"
"195815","5800","59431","12","1958/8/11 0:00"
"195815","5800","59644","13","1958/8/10 6:00"
"195815","5800","59663","24","1958/8/9 0:00"
"195815","5800","59663","24","1958/8/8 0:00"
"195815","5800","59758","13","1958/8/9 5:20"
"195815","5800","59838","14","1958/8/10 7:00"
"195819","5800","59758","12","1958/8/27 16:00"
"195820","5800","58666","16","1958/8/30 0:00"
"195821","5800","59316","12","1958/9/1 11:00"
"195821","5800","59501","18","1958/9/1 19:00"
"195822","5800","58150","12","1958/9/5 1:00"
"195822","5800","58150","12","1958/9/5 2:00"
"195822","5800","58238","12","1958/9/5 10:03"
"195822","5800","58251","11","1958/9/5 10:35"
"195822","5800","58265","18","1958/9/5 21:00"
"195822","5800","58472","28","1958/9/6 1:00"
"195822","5800","58472","28","1958/9/6 1:00"
"195822","5800","58472","28","1958/9/6 1:00"
"195822","5800","58477","14","1958/9/5 0:00"
"195822","5800","58477","14","1958/9/5 0:00"
"195822","5800","58666","28","1958/9/5 0:00"
"195822","5800","58666","28","1958/9/5 0:00"
"195822","5800","58847","14","1958/9/4 12:18"
"195823","5800","59287","15","1958/9/10 0:00"
"195823","5800","59644","19","1958/9/12 16:40"
"195823","5800","59663","12","1958/9/12 14:00"
"195823","5800","59758","15","1958/9/11 20:20"
"195823","5800","59838","12","1958/9/12 0:00"
"195823","5800","59838","12","1958/9/11 0:00"
"195905","5900","59316","13","1959/7/6 7:00"
"195906","5901","54857","12","1959/7/17 2:59"
"195906","5901","58472","28","1959/7/17 2:00"
"195906","5901","58472","28","1959/7/17 2:00"
"195906","5901","58477","18","1959/7/17 1:00"
"195906","5901","58666","34","1959/7/17 0:00"
"195906","5901","58666","34","1959/7/16 0:00"
"195906","5901","58847","12","1959/7/16 1:00"
"195906","5901","58847","12","1959/7/16 2:00"
"195908","5902","58472","16","1959/8/6 7:00"
"195908","5902","58472","16","1959/8/6 13:00"
"195908","5902","58666","20","1959/8/4 0:00"
"195912","5903","59134","38","1959/8/23 3:20"
"195914","5904","57297","12","1959/8/31 14:00"
"195914","5904","57494","14","1959/8/31 17:51"
"195914","5904","57662","12","1959/8/31 13:00"
"195914","5904","57799","14","1959/8/30 19:00"
"195914","5904","57866","14","1959/8/30 13:00"
"195914","5904","58027","11","1959/8/31 10:15"
"195914","5904","58040","18","1959/8/31 13:00"
"195914","5904","58150","16","1959/8/31 16:00"
"195914","5904","58150","16","1959/8/31 15:00"
"195914","5904","58238","18","1959/8/31 18:59"
"195914","5904","58251","16","1959/8/31 19:30"
"195914","5904","58265","12","1959/8/30 13:00"
"195914","5904","58265","12","1959/8/31 13:00"
"195914","5904","58472","24","1959/8/31 2:00"
"195914","5904","58472","24","1959/8/31 1:00"
"195914","5904","58472","24","1959/8/31 2:00"
"195914","5904","58477","16","1959/8/31 11:00"
"195914","5904","58606","16","1959/8/30 19:00"
"195914","5904","58606","16","1959/8/30 13:00"
"195914","5904","58666","24","1959/8/31 7:00"
"195914","5904","58847","20","1959/8/30 0:00"
"195914","5904","58847","20","1959/8/30 0:00"
"195914","5904","58847","20","1959/8/30 0:00"
"195914","5904","59134","17","1959/8/29 18:36"
"195914","5904","59501","12","1959/8/30 0:00"
"195915","5905","54161","15","1959/9/7 21:02"
"195915","5905","54776","13","1959/9/7 1:00"
"195915","5905","54857","20","1959/9/6 22:40"
"195915","5905","58251","11","1959/9/6 10:49"
"195915","5905","58265","16","1959/9/6 1:00"
"195915","5905","58265","16","1959/9/6 1:00"
"195915","5905","58472","24","1959/9/6 0:00"
"195915","5905","58472","24","1959/9/5 0:00"
"195915","5905","58666","24","1959/9/5 19:00"
"195915","5905","58666","24","1959/9/5 19:00"
"195915","5905","58666","24","1959/9/5 19:00"
"195915","5905","58847","17","1959/9/4 17:00"
"195915","5905","59134","14","1959/9/4 17:56"
"195917","5906","58472","12","1959/9/12 1:00"
"195917","5906","58666","18","1959/9/12 13:00"
"195917","5906","59134","12","1959/9/11 13:00"
"195917","5906","59316","14","1959/9/11 6:16"
"195917","5906","59501","24","1959/9/11 0:00"
"195919","5907","58150","12","1959/9/16 14:00"
"195919","5907","58251","12","1959/9/16 14:11"
"195919","5907","58472","24","1959/9/16 17:00"
"195919","5907","58472","24","1959/9/16 19:00"
"195919","5907","58472","24","1959/9/16 20:00"
"195919","5907","58477","12","1959/9/17 0:00"
"195919","5907","58477","12","1959/9/16 0:00"
"195919","5907","58666","34","1959/9/16 0:00"
"195925","5910","58472","14","1959/10/16 8:00"
"195925","5910","58472","14","1959/10/16 14:00"
"195925","5910","58666","24","1959/10/16 0:00"
"195925","5910","58666","24","1959/10/16 0:00"
"195930","5913","58472","14","1959/11/18 8:00"
"195930","5913","58472","14","1959/11/18 11:00"
"195930","5913","58472","14","1959/11/19 17:00"
"195930","5913","58666","16","1959/11/18 0:00"
"195930","5913","58666","16","1959/11/19 0:00"
"196006","6001","58238","13","1960/6/10 15:35"
"196006","6001","58251","13","1960/6/10 8:17"
"196006","6001","58265","14","1960/6/10 18:00"
"196006","6001","58265","14","1960/6/10 12:00"
"196006","6001","58472","28","1960/6/10 0:00"
"196006","6001","58666","24","1960/6/10 0:00"
"196006","6001","58847","17","1960/6/10 2:00"
"196006","6001","58847","17","1960/6/10 5:00"
"196006","6001","58847","17","1960/6/10 1:00"
"196006","6001","59134","18","1960/6/10 3:00"
"196006","6001","59287","12","1960/6/8 20:00"
"196006","6001","59316","19","1960/6/9 21:06"
"196006","6001","59501","24","1960/6/9 0:00"
"196006","6001","59663","12","1960/6/7 19:00"
"196006","6001","59663","12","1960/6/8 19:00"
"196006","6001","59758","13","1960/6/5 9:46"
"196006","6001","59838","14","1960/6/6 0:00"
"196007","6003","59431","12","1960/6/30 11:00"
"196007","6003","59501","14","1960/6/29 13:00"
"196007","6003","59644","14","1960/6/30 11:00"
"196007","6003","59663","24","1960/6/30 2:00"
"196007","6003","59663","24","1960/6/30 3:00"
"196007","6003","59663","24","1960/6/30 1:00"
"196007","6003","59758","12","1960/6/30 5:11"
"196007","6003","59758","12","1960/6/30 5:11"
"196009","6005","54342","12","1960/7/29 3:56"
"196009","6005","54662","24","1960/7/28 23:00"
"196009","6005","54753","18","1960/7/28 0:00"
"196009","6005","54776","34","1960/7/29 1:00"
"196009","6005","54776","34","1960/7/28 19:00"
"196009","6005","54857","17","1960/7/28 16:13"
"196009","6005","58040","12","1960/7/28 8:00"
"196009","6005","58150","16","1960/7/28 7:00"
"196009","6005","58251","14","1960/7/28 5:39"
"196009","6005","58265","18","1960/7/27 21:00"
"196009","6005","58265","18","1960/7/27 22:00"
"196009","6005","58472","40","1960/7/27 0:00"
"196009","6005","58477","18","1960/7/27 23:00"
"196009","6005","58477","18","1960/7/27 19:00"
"196009","6005","58666","24","1960/7/27 0:00"
"196009","6005","58666","24","1960/7/27 0:00"
"196011","6007","54539","12","1960/8/5 0:00"
"196011","6007","54662","16","1960/8/4 23:00"
"196011","6007","54662","16","1960/8/5 23:00"
"196011","6007","54753","14","1960/8/5 2:00"
"196011","6007","54776","24","1960/8/6 2:00"
"196011","6007","54776","24","1960/8/5 8:00"
"196011","6007","54857","12","1960/8/4 19:53"
"196011","6007","58150","12","1960/8/2 22:00"
"196011","6007","58150","12","1960/8/2 23:00"
"196011","6007","58238","13","1960/8/2 14:02"
"196011","6007","58251","12","1960/8/3 1:56"
"196011","6007","58251","12","1960/8/2 19:43"
"196011","6007","58265","12","1960/8/3 0:00"
"196011","6007","58265","12","1960/8/2 0:00"
"196011","6007","58265","12","1960/8/4 0:00"
"196011","6007","58472","14","1960/8/2 0:00"
"196011","6007","58472","14","1960/8/2 0:00"
"196011","6007","58477","12","1960/8/2 14:00"
"196011","6007","58477","12","1960/8/2 20:00"
"196011","6007","58666","24","1960/8/2 8:00"
"196011","6007","58666","24","1960/8/2 14:00"
"196011","6007","58666","24","1960/8/2 20:00"
"196011","6007","58666","24","1960/8/3 2:00"
"196013","6008","57799","14","1960/8/9 0:00"
"196013","6008","57866","12","1960/8/10 19:00"
"196013","6008","58472","12","1960/8/9 2:00"
"196013","6008","58606","14","1960/8/9 14:00"
"196013","6008","58666","20","1960/8/8 14:00"
"196013","6008","58847","14","1960/8/8 23:00"
"196013","6008","59134","28","1960/8/9 2:00"
"196018","6012","58666","14","1960/8/13 14:00"
"196018","6012","58666","14","1960/8/14 8:00"
"196018","6012","59134","13","1960/8/15 4:00"
"196018","6012","59316","17","1960/8/14 18:40"
"196022","6014","50788","12","1960/8/24 2:00"
"196022","6014","50788","12","1960/8/24 8:00"
"196022","6014","54776","11","1960/8/23 2:00"
"196022","6014","54857","15","1960/8/23 2:28"
"196022","6014","58251","11","1960/8/22 12:44"
"196022","6014","58265","14","1960/8/22 0:00"
"196022","6014","58265","14","1960/8/22 0:00"
"196022","6014","58472","28","1960/8/22 8:00"
"196022","6014","58472","28","1960/8/22 11:00"
"196022","6014","58477","12","1960/8/22 11:00"
"196022","6014","58666","18","1960/8/21 14:00"
"196022","6014","58666","18","1960/8/21 14:00"
"196022","6014","58666","18","1960/8/21 14:00"
"196024","6016","58666","12","1960/8/24 20:00"
"196024","6016","58666","12","1960/8/24 8:00"
"196024","6016","58666","12","1960/8/24 14:00"
"196024","6016","59134","11","1960/8/24 19:12"
"196024","6016","59501","14","1960/8/26 0:00"
"196029","6020","58472","20","1960/9/18 2:00"
"196029","6020","58666","18","1960/9/17 0:00"
"196029","6020","58666","18","1960/9/17 0:00"
"196034","6024","59758","17","1960/10/11 15:24"
"196034","6024","59838","14","1960/10/12 0:00"
"196035","6025","59838","14","1960/10/16 14:00"
"196104","6103","58472","12","1961/5/21 2:00"
"196104","6103","58472","12","1961/5/20 20:00"
"196104","6103","58477","14","1961/5/20 21:00"
"196104","6103","58477","14","1961/5/20 17:00"
"196104","6103","58477","14","1961/5/20 18:00"
"196104","6103","58666","18","1961/5/20 0:00"
"196104","6103","59134","14","1961/5/20 6:14"
"196104","6103","59293","14","1961/5/19 0:00"
"196104","6103","59316","14","1961/5/19 20:00"
"196104","6103","59316","14","1961/5/19 21:15"
"196104","6103","59316","14","1961/5/20 2:00"
"196104","6103","59501","20","1961/5/19 0:00"
"196105","6104","58251","12","1961/5/28 9:49"
"196105","6104","58265","12","1961/5/28 15:00"
"196105","6104","58472","16","1961/5/28 2:00"
"196105","6104","58472","16","1961/5/28 2:03"
"196105","6104","58477","20","1961/5/28 2:00"
"196105","6104","58477","20","1961/5/27 23:00"
"196105","6104","58666","24","1961/5/27 0:00"
"196105","6104","58847","12","1961/5/26 23:00"
"196105","6104","59134","12","1961/5/26 18:39"
"196109","6108","59758","12","1961/6/24 14:00"
"196109","6108","59758","12","1961/6/24 9:00"
"196109","6108","59838","12","1961/6/24 0:00"
"196109","6108","59838","12","1961/6/25 2:00"
"196112","6109","58472","12","1961/7/1 14:00"
"196112","6109","58477","12","1961/7/1 15:00"
"196112","6109","59316","13","1961/7/2 7:48"
"196112","6109","59501","14","1961/7/2 0:00"
"196112","6109","59501","14","1961/7/2 0:00"
"196114","6110","58847","12","1961/7/14 23:00"
"196114","6110","58847","12","1961/7/14 23:00"
"196114","6110","59134","13","1961/7/15 14:10"
"196114","6110","59316","12","1961/7/15 5:22"
"196115","6111","59316","11","1961/7/19 8:42"
"196115","6111","59501","14","1961/7/19 0:00"
"196119","6115","58847","12","1961/8/8 17:00"
"196123","6119","59758","12","1961/8/20 0:00"
"196124","6120","57494","12","1961/8/27 14:00"
"196124","6120","59134","23","1961/8/26 0:40"
"196124","6120","59501","12","1961/8/26 0:00"
"196127","6100","59287","16","1961/9/1 2:00"
"196127","6100","59501","12","1961/8/31 0:00"
"196128","6121","59316","14","1961/9/9 21:50"
"196128","6121","59501","34","1961/9/10 0:00"
"196129","6122","57494","11","1961/9/13 15:10"
"196129","6122","57799","12","1961/9/12 0:00"
"196129","6122","58666","24","1961/9/11 0:00"
"196129","6122","58847","40","1961/9/12 0:00"
"196129","6122","59134","13","1961/9/12 19:00"
"196130","6123","58265","12","1961/9/15 13:00"
"196130","6123","58472","20","1961/9/15 17:00"
"196130","6123","58472","20","1961/9/15 20:00"
"196130","6123","58477","14","1961/9/15 0:00"
"196130","6123","58477","14","1961/9/15 0:00"
"196130","6123","58666","28","1961/9/15 0:00"
"196130","6123","58666","28","1961/9/15 0:00"
"196132","6125","58666","14","1961/9/28 0:00"
"196132","6125","58666","14","1961/9/28 0:00"
"196132","6125","58847","17","1961/9/28 17:00"
"196132","6125","58847","17","1961/9/28 23:00"
"196132","6125","59134","28","1961/9/28 20:00"
"196132","6125","59316","25","1961/9/29 2:50"
"196132","6125","59501","18","1961/9/29 0:00"
"196133","6126","54776","16","1961/10/6 2:00"
"196133","6126","54857","14","1961/10/5 10:00"
"196133","6126","58150","12","1961/10/5 11:00"
"196133","6126","58150","12","1961/10/5 12:00"
"196133","6126","58150","12","1961/10/5 15:00"
"196133","6126","58150","12","1961/10/5 14:00"
"196133","6126","58238","15","1961/10/5 3:18"
"196133","6126","58265","14","1961/10/5 20:00"
"196133","6126","58265","14","1961/10/5 21:00"
"196133","6126","58265","14","1961/10/4 14:00"
"196133","6126","58457","14","1961/10/4 8:00"
"196133","6126","58472","28","1961/10/3 20:00"
"196133","6126","58472","28","1961/10/3 20:00"
"196133","6126","58472","28","1961/10/3 20:00"
"196133","6126","58477","28","1961/10/4 3:00"
"196133","6126","58477","28","1961/10/4 2:00"
"196133","6126","58666","40","1961/10/3 0:00"
"196133","6126","58666","40","1961/10/3 0:00"
"196133","6126","58666","40","1961/10/3 0:00"
"196133","6126","58847","14","1961/10/3 14:00"
"196133","6126","58847","14","1961/10/3 17:00"
"196133","6126","58847","14","1961/10/3 17:00"
"196136","6128","59758","13","1961/10/13 10:25"
"196207","6204","59758","14","1962/7/11 0:00"
"196207","6204","59758","14","1962/7/11 0:00"
"196207","6204","59838","12","1962/7/11 14:00"
"196208","6205","54662","16","1962/7/26 8:00"
"196208","6205","54753","18","1962/7/26 0:00"
"196208","6205","54776","12","1962/7/26 0:00"
"196208","6205","54776","12","1962/7/25 0:00"
"196208","6205","54857","22","1962/7/25 11:22"
"196208","6205","58040","12","1962/7/25 2:00"
"196208","6205","58150","12","1962/7/24 17:00"
"196208","6205","58150","12","1962/7/24 19:00"
"196208","6205","58238","13","1962/7/24 16:36"
"196208","6205","58251","13","1962/7/24 15:51"
"196208","6205","58251","13","1962/7/24 15:51"
"196208","6205","58265","12","1962/7/25 0:00"
"196208","6205","58265","12","1962/7/24 0:00"
"196208","6205","58472","20","1962/7/24 2:00"
"196208","6205","58472","20","1962/7/24 14:00"
"196208","6205","58477","20","1962/7/24 10:00"
"196208","6205","58666","28","1962/7/24 6:00"
"196208","6205","58666","28","1962/7/24 6:00"
"196210","6207","54662","12","1962/8/3 8:00"
"196210","6207","54776","24","1962/8/2 20:00"
"196210","6207","54857","17","1962/8/2 13:06"
"196210","6207","58238","12","1962/8/1 19:40"
"196210","6207","58251","13","1962/8/2 7:25"
"196210","6207","58251","13","1962/8/2 7:25"
"196210","6207","58265","18","1962/8/1 0:00"
"196210","6207","58472","40","1962/8/1 0:00"
"196210","6207","58472","40","1962/8/1 0:00"
"196210","6207","58477","34","1962/8/1 17:00"
"196210","6207","58666","34","1962/8/1 0:00"
"196210","6207","58666","34","1962/8/1 0:00"
"196210","6207","58847","12","1962/8/1 0:00"
"196213","6208","54342","11","1962/8/8 15:46"
"196213","6208","54662","14","1962/8/8 14:00"
"196213","6208","54753","14","1962/8/8 0:00"
"196213","6208","54776","24","1962/8/8 8:00"
"196213","6208","54857","20","1962/8/7 11:01"
"196213","6208","58027","12","1962/8/7 14:00"
"196213","6208","58040","14","1962/8/7 8:00"
"196213","6208","58150","14","1962/8/7 7:00"
"196213","6208","58221","14","1962/8/7 11:50"
"196213","6208","58238","15","1962/8/6 20:47"
"196213","6208","58251","12","1962/8/6 23:00"
"196213","6208","58265","14","1962/8/7 0:00"
"196213","6208","58457","12","1962/8/6 20:00"
"196213","6208","58457","12","1962/8/6 14:00"
"196213","6208","58472","22","1962/8/6 20:00"
"196213","6208","58472","22","1962/8/7 8:00"
"196213","6208","58477","28","1962/8/7 0:00"
"196213","6208","58477","28","1962/8/7 0:00"
"196213","6208","58666","34","1962/8/6 0:00"
"196213","6208","58666","34","1962/8/6 0:00"
"196213","6208","58725","14","1962/8/6 11:00"
"196213","6208","58847","19","1962/8/6 8:00"
"196214","6209","59265","14","1962/8/11 11:00"
"196214","6209","59431","18","1962/8/11 0:00"
"196214","6209","59644","24","1962/8/11 9:35"
"196214","6209","59663","14","1962/8/11 0:00"
"196214","6209","59663","14","1962/8/11 0:00"
"196214","6209","59758","20","1962/8/11 2:00"
"196214","6209","59758","20","1962/8/11 2:00"
"196214","6209","59838","14","1962/8/11 8:00"
"196219","6213","57866","14","1962/8/31 14:00"
"196219","6213","57866","14","1962/9/1 20:00"
"196219","6213","58847","13","1962/8/31 12:44"
"196219","6213","59134","20","1962/8/31 16:00"
"196219","6213","59287","17","1962/9/1 15:18"
"196219","6213","59316","19","1962/8/31 22:00"
"196219","6213","59316","19","1962/8/31 22:00"
"196219","6213","59501","34","1962/9/1 2:00"
"196219","6213","59758","14","1962/9/1 0:00"
"196219","6213","59758","14","1962/9/1 0:00"
"196220","6214","54776","24","1962/9/7 14:00"
"196220","6214","54776","24","1962/9/7 14:00"
"196220","6214","54857","17","1962/9/7 8:17"
"196220","6214","57494","12","1962/9/6 13:00"
"196220","6214","57494","12","1962/9/6 14:00"
"196220","6214","57799","14","1962/9/6 2:00"
"196220","6214","57866","12","1962/9/6 14:00"
"196220","6214","57993","12","1962/9/5 0:00"
"196220","6214","58040","18","1962/9/7 8:00"
"196220","6214","58040","18","1962/9/7 2:00"
"196220","6214","58150","14","1962/9/7 13:00"
"196220","6214","58150","14","1962/9/7 12:00"
"196220","6214","58221","12","1962/9/6 14:06"
"196220","6214","58238","18","1962/9/6 21:48"
"196220","6214","58238","18","1962/9/6 21:48"
"196220","6214","58251","16","1962/9/7 13:42"
"196220","6214","58251","16","1962/9/7 13:42"
"196220","6214","58265","12","1962/9/7 0:00"
"196220","6214","58265","12","1962/9/6 0:00"
"196220","6214","58265","12","1962/9/5 0:00"
"196220","6214","58472","22","1962/9/6 20:00"
"196220","6214","58477","24","1962/9/6 16:00"
"196220","6214","58606","16","1962/9/5 14:00"
"196220","6214","58666","40","1962/9/6 0:00"
"196220","6214","58666","40","1962/9/6 0:00"
"196220","6214","58847","17","1962/9/6 3:42"
"196220","6214","59134","14","1962/9/5 14:00"
"196222","6215","59758","12","1962/9/15 14:00"
"196223","6216","59758","12","1962/9/21 0:00"
"196223","6216","59758","12","1962/9/22 2:00"
"196223","6216","59838","34","1962/9/22 8:00"
"196227","6217","57799","12","1962/10/3 0:00"
"196227","6217","57866","14","1962/10/4 2:00"
"196227","6217","58472","14","1962/10/3 8:00"
"196227","6217","58472","14","1962/10/3 11:00"
"196227","6217","58527","12","1962/10/3 20:00"
"196227","6217","58606","16","1962/10/4 2:00"
"196227","6217","58666","20","1962/10/3 2:00"
"196227","6217","58666","20","1962/10/3 2:00"
"196227","6217","58847","14","1962/10/3 14:00"
"196227","6217","58847","14","1962/10/3 14:00"
"196227","6217","59134","24","1962/10/3 0:00"
"196227","6217","59316","26","1962/10/3 19:53"
"196227","6217","59501","16","1962/10/4 2:00"
"196233","6220","59838","12","1962/11/10 14:00"
"196234","6221","58666","18","1962/11/15 14:00"
"196305","6303","58472","16","1963/6/19 14:00"
"196305","6303","58472","16","1963/6/19 14:00"
"196305","6303","58477","12","1963/6/19 0:00"
"196305","6303","58666","20","1963/6/19 0:00"
"196305","6303","58666","20","1963/6/18 0:00"
"196306","6304","58847","12","1963/7/1 17:00"
"196306","6304","59134","18","1963/7/1 8:00"
"196306","6304","59134","18","1963/7/1 13:00"
"196306","6304","59134","18","1963/7/1 14:00"
"196306","6304","59316","26","1963/7/1 1:35"
"196308","6306","54662","18","1963/7/20 14:00"
"196308","6306","54753","20","1963/7/19 0:00"
"196308","6306","54776","14","1963/7/19 20:00"
"196308","6306","54857","19","1963/7/19 22:50"
"196308","6306","58150","12","1963/7/19 0:00"
"196308","6306","58150","12","1963/7/19 0:00"
"196308","6306","58238","12","1963/7/19 11:30"
"196308","6306","58265","14","1963/7/17 0:00"
"196308","6306","58265","14","1963/7/19 0:00"
"196308","6306","58472","16","1963/7/18 20:00"
"196308","6306","58477","14","1963/7/19 8:00"
"196308","6306","58477","14","1963/7/19 8:00"
"196308","6306","58477","14","1963/7/19 8:00"
"196308","6306","58666","20","1963/7/17 0:00"
"196308","6306","58666","20","1963/7/19 0:00"
"196308","6306","58666","20","1963/7/18 0:00"
"196308","6306","58847","13","1963/7/16 13:15"
"196308","6306","59316","11","1963/7/16 21:38"
"196310","6307","59287","11","1963/7/23 17:37"
"196310","6307","59501","12","1963/7/22 0:00"
"196310","6307","59644","14","1963/7/23 4:00"
"196310","6307","59663","14","1963/7/22 17:00"
"196310","6307","59663","14","1963/7/22 18:00"
"196310","6307","59663","14","1963/7/22 20:00"
"196310","6307","59838","14","1963/7/24 0:00"
"196312","6317","59758","15","1963/8/1 4:38"
"196313","6309","59644","25","1963/8/17 2:40"
"196313","6309","59663","12","1963/8/16 0:00"
"196313","6309","59663","12","1963/8/16 0:00"
"196313","6309","59758","23","1963/8/16 18:10"
"196313","6309","59838","16","1963/8/17 2:00"
"196313","6309","59838","16","1963/8/17 2:00"
"196314","6300","59644","12","1963/8/23 15:45"
"196314","6300","59758","11","1963/8/23 11:52"
"196318","6311","59134","16","1963/9/5 0:00"
"196318","6311","59265","12","1963/9/7 20:00"
"196318","6311","59287","12","1963/9/7 15:18"
"196318","6311","59316","13","1963/9/5 22:45"
"196318","6311","59431","12","1963/9/8 17:00"
"196318","6311","59501","20","1963/9/6 0:00"
"196318","6311","59644","14","1963/9/8 22:10"
"196318","6311","59663","18","1963/9/7 5:00"
"196318","6311","59758","24","1963/9/7 22:10"
"196318","6311","59838","40","1963/9/9 0:00"
"196320","6312","58265","12","1963/9/12 0:00"
"196320","6312","58265","12","1963/9/12 0:00"
"196320","6312","58457","14","1963/9/12 20:00"
"196320","6312","58472","16","1963/9/12 0:00"
"196320","6312","58472","16","1963/9/11 0:00"
"196320","6312","58477","14","1963/9/11 0:00"
"196320","6312","58477","14","1963/9/12 0:00"
"196320","6312","58527","12","1963/9/13 2:00"
"196320","6312","58606","12","1963/9/11 0:00"
"196320","6312","58606","12","1963/9/12 0:00"
"196320","6312","58606","12","1963/9/13 0:00"
"196320","6312","58666","28","1963/9/11 14:00"
"196320","6312","58666","28","1963/9/11 14:00"
"196320","6312","58666","28","1963/9/11 8:00"
"196320","6312","58725","12","1963/9/12 23:00"
"196320","6312","58847","20","1963/9/12 5:09"
"196402","6402","59287","18","1964/5/28 10:50"
"196402","6402","59316","12","1964/5/26 20:45"
"196402","6402","59501","20","1964/5/28 0:00"
"196402","6402","59663","17","1964/5/28 5:00"
"196403","6403","59287","11","1964/7/2 1:45"
"196403","6403","59316","12","1964/7/1 14:21"
"196403","6403","59431","15","1964/7/3 1:36"
"196403","6403","59501","16","1964/7/1 0:00"
"196403","6403","59644","25","1964/7/3 2:25"
"196403","6403","59663","16","1964/7/2 18:00"
"196403","6403","59758","24","1964/7/2 9:05"
"196403","6403","59838","40","1964/7/2 0:00"
"196405","6404","58472","14","1964/7/6 14:00"
"196405","6404","58472","14","1964/7/7 14:00"
"196405","6404","58666","18","1964/7/5 0:00"
"196405","6404","58666","18","1964/7/5 0:00"
"196409","6408","54497","28","1964/7/29 0:00"
"196409","6408","54776","20","1964/7/29 14:00"
"196409","6408","58265","12","1964/7/28 0:00"
"196409","6408","58265","12","1964/7/28 0:00"
"196409","6408","58472","20","1964/7/28 0:00"
"196409","6408","58477","12","1964/7/28 0:00"
"196409","6408","58666","20","1964/7/27 0:00"
"196409","6408","58666","20","1964/7/27 0:00"
"196411","6410","50953","16","1964/8/5 3:04"
"196411","6410","50963","14","1964/8/5 0:00"
"196411","6410","50978","14","1964/8/5 0:00"
"196411","6410","54161","14","1964/8/4 16:15"
"196411","6410","54342","12","1964/8/4 13:00"
"196411","6410","54662","14","1964/8/3 20:00"
"196411","6410","54776","24","1964/8/3 14:00"
"196412","6411","57866","12","1964/8/9 14:00"
"196412","6411","57957","11","1964/8/9 10:50"
"196412","6411","59134","16","1964/8/7 18:00"
"196412","6411","59287","21","1964/8/9 2:25"
"196412","6411","59316","15","1964/8/8 13:53"
"196412","6411","59501","34","1964/8/8 0:00"
"196412","6411","59644","11","1964/8/9 12:28"
"196412","6411","59663","14","1964/8/9 10:11"
"196412","6411","59758","12","1964/8/8 13:53"
"196413","6412","59758","12","1964/8/15 17:00"
"196414","6414","58472","14","1964/8/22 0:00"
"196414","6414","58472","14","1964/8/22 0:00"
"196414","6414","58666","16","1964/8/19 0:00"
"196414","6414","58666","16","1964/8/19 0:00"
"196418","6400","59838","14","1964/8/24 0:00"
"196418","6400","59838","14","1964/8/24 0:00"
"196419","6415","59287","22","1964/9/5 17:00"
"196419","6415","59316","12","1964/9/5 4:45"
"196419","6415","59501","20","1964/9/5 8:00"
"196419","6415","59663","12","1964/9/6 2:00"
"196420","6416","59287","11","1964/9/11 0:13"
"196420","6416","59316","13","1964/9/10 8:16"
"196420","6416","59501","34","1964/9/10 0:00"
"196420","6416","59501","34","1964/9/10 0:00"
"196421","6417","59501","12","1964/9/20 0:00"
"196421","6417","59758","13","1964/9/21 8:10"
"196421","6417","59758","13","1964/9/21 8:10"
"196421","6417","59838","24","1964/9/21 0:00"
"196421","6417","59838","24","1964/9/22 0:00"
"196427","6421","59758","12","1964/9/30 23:39"
"196427","6421","59838","18","1964/10/1 0:00"
"196428","6422","59316","14","1964/10/6 13:37"
"196428","6422","59758","16","1964/10/7 10:00"
"196428","6422","59838","34","1964/10/7 0:00"
"196428","6422","59838","34","1964/10/7 0:00"
"196429","6423","58472","12","1964/10/15 0:00"
"196429","6423","58666","18","1964/10/15 20:00"
"196429","6423","59287","12","1964/10/13 8:00"
"196429","6423","59316","14","1964/10/13 6:35"
"196429","6423","59501","28","1964/10/13 2:00"
"196432","6424","59758","15","1964/10/23 3:29"
"196432","6424","59838","24","1964/10/23 0:00"
"196513","6506","58472","12","1965/6/19 0:00"
"196513","6506","58666","16","1965/6/18 0:00"
"196513","6506","58666","16","1965/6/19 0:00"
"196517","6508","59287","11","1965/7/15 12:27"
"196517","6508","59316","11","1965/7/14 14:50"
"196517","6508","59431","15","1965/7/16 0:00"
"196517","6508","59501","14","1965/7/14 0:00"
"196517","6508","59644","20","1965/7/15 21:22"
"196517","6508","59663","20","1965/7/15 0:00"
"196517","6508","59758","15","1965/7/15 16:35"
"196517","6508","59838","18","1965/7/15 0:00"
"196519","6509","59663","16","1965/7/23 12:00"
"196519","6509","59838","12","1965/7/24 0:00"
"196521","6510","54776","13","1965/7/28 14:00"
"196521","6510","54857","12","1965/7/28 6:11"
"196521","6510","58251","12","1965/7/28 0:27"
"196521","6510","58265","12","1965/7/28 0:00"
"196521","6510","58265","12","1965/7/28 0:00"
"196521","6510","58472","18","1965/7/28 0:00"
"196521","6510","58472","18","1965/7/28 0:00"
"196521","6510","58477","14","1965/7/28 0:00"
"196521","6510","58477","14","1965/7/28 0:00"
"196521","6510","58666","20","1965/7/28 0:00"
"196521","6510","58666","20","1965/7/28 0:00"
"196521","6510","58847","19","1965/7/26 12:22"
"196521","6510","59134","12","1965/7/26 12:00"
"196521","6510","59134","12","1965/7/27 12:00"
"196525","6513","54776","16","1965/8/22 0:00"
"196525","6513","54857","14","1965/8/22 9:43"
"196525","6513","58150","12","1965/8/21 18:00"
"196525","6513","58150","12","1965/8/21 21:00"
"196525","6513","58150","12","1965/8/21 22:00"
"196525","6513","58238","16","1965/8/21 12:32"
"196525","6513","58251","14","1965/8/21 22:35"
"196525","6513","58472","12","1965/8/21 0:00"
"196525","6513","58472","12","1965/8/22 0:00"
"196525","6513","58477","14","1965/8/20 0:00"
"196525","6513","58666","24","1965/8/18 0:00"
"196525","6513","58666","24","1965/8/18 0:00"
"196525","6513","59134","12","1965/8/20 5:00"
"196526","6514","59758","12","1965/8/17 19:13"
"196526","6514","59838","16","1965/8/18 0:00"
"196530","6517","59644","11","1965/9/5 21:00"
"196530","6517","59663","14","1965/9/5 0:00"
"196530","6517","59663","14","1965/9/5 0:00"
"196532","6519","58472","14","1965/9/15 0:00"
"196532","6519","58472","14","1965/9/16 0:00"
"196532","6519","58472","14","1965/9/17 0:00"
"196532","6519","58666","20","1965/9/14 0:00"
"196532","6519","58666","20","1965/9/14 0:00"
"196532","6519","58666","20","1965/9/14 0:00"
"196535","6521","59663","20","1965/9/27 16:00"
"196535","6521","59663","20","1965/9/27 18:00"
"196535","6521","59758","11","1965/9/26 20:40"
"196606","6605","59287","16","1966/7/14 4:23"
"196606","6605","59316","11","1966/7/13 8:36"
"196606","6605","59501","12","1966/7/13 15:39"
"196606","6605","59663","14","1966/7/14 0:00"
"196607","6606","59663","16","1966/7/18 1:00"
"196607","6606","59663","16","1966/7/18 2:00"
"196611","6608","59287","11","1966/7/26 16:30"
"196611","6608","59431","15","1966/7/27 0:25"
"196611","6608","59501","14","1966/7/24 15:53"
"196611","6608","59644","18","1966/7/26 18:50"
"196611","6608","59663","20","1966/7/26 19:00"
"196611","6608","59663","20","1966/7/26 20:00"
"196611","6608","59758","20","1966/7/26 6:10"
"196611","6608","59838","18","1966/7/26 0:00"
"196612","6609","59838","16","1966/8/2 0:00"
"196616","6611","58472","12","1966/8/14 0:00"
"196616","6611","58472","12","1966/8/14 0:00"
"196616","6611","58666","28","1966/8/16 2:00"
"196616","6611","58666","28","1966/8/16 2:00"
"196616","6611","58847","19","1966/8/17 5:20"
"196618","6612","50949","12","1966/8/27 7:35"
"196618","6612","50953","11","1966/8/27 13:05"
"196618","6612","54342","13","1966/8/26 18:58"
"196620","6614","58666","20","1966/9/2 20:00"
"196620","6614","58847","24","1966/9/3 13:37"
"196621","6615","54753","14","1966/9/8 0:00"
"196621","6615","54776","18","1966/9/9 8:00"
"196621","6615","54857","16","1966/9/9 7:11"
"196621","6615","54857","16","1966/9/8 17:21"
"196621","6615","58238","12","1966/9/7 21:31"
"196621","6615","58265","12","1966/9/8 2:00"
"196621","6615","58472","16","1966/9/6 8:00"
"196621","6615","58472","16","1966/9/8 8:00"
"196621","6615","58477","12","1966/9/7 0:00"
"196621","6615","58666","34","1966/9/6 0:00"
"196621","6615","58847","13","1966/9/7 3:20"
"196625","6617","58472","14","1966/9/17 8:00"
"196625","6617","58472","14","1966/9/17 14:00"
"196625","6617","58472","14","1966/9/18 8:00"
"196625","6617","58666","18","1966/9/16 0:00"
"196625","6617","58666","18","1966/9/17 0:00"
"196625","6617","59134","16","1966/9/14 22:00"
"196625","6617","59134","16","1966/9/14 22:00"
"196625","6617","59316","11","1966/9/15 5:22"
"196629","6618","58472","16","1966/9/23 0:00"
"196629","6618","58472","16","1966/9/24 0:00"
"196629","6618","58477","12","1966/9/24 14:00"
"196629","6618","58666","24","1966/9/23 0:00"
"196708","6702","58847","12","1967/6/30 13:55"
"196708","6702","59316","22","1967/6/30 13:41"
"196708","6702","59501","11","1967/6/30 21:23"
"196711","6704","58666","14","1967/7/12 14:00"
"196714","6705","54342","11","1967/7/30 15:27"
"196714","6705","54662","18","1967/7/29 11:00"
"196714","6705","54753","20","1967/7/29 0:00"
"196714","6705","54776","23","1967/7/29 14:00"
"196717","6706","59287","11","1967/8/3 13:15"
"196717","6706","59663","17","1967/8/2 0:00"
"196717","6706","59838","12","1967/8/2 2:00"
"196719","6708","58847","13","1967/7/31 17:50"
"196724","6710","59316","11","1967/8/15 9:10"
"196724","6710","59501","14","1967/8/16 8:33"
"196724","6710","59663","13","1967/8/16 0:00"
"196726","6711","59287","15","1967/8/21 23:00"
"196726","6711","59501","16","1967/8/21 15:44"
"196726","6711","59663","11","1967/8/21 17:00"
"196726","6711","59663","11","1967/8/21 11:00"
"196733","6715","59758","11","1967/9/5 0:33"
"196733","6715","59838","14","1967/9/6 0:00"
"196747","6718","59134","16","1967/10/18 9:00"
"196747","6718","59501","12","1967/10/18 22:00"
"196747","6718","59663","14","1967/10/19 10:00"
"196747","6718","59758","12","1967/10/19 20:00"
"196747","6718","59838","14","1967/10/18 14:00"
"196747","6718","59838","14","1967/10/18 14:00"
"196748","6719","58472","17","1967/10/27 0:00"
"196748","6719","58477","13","1967/10/27 0:00"
"196748","6719","58666","18","1967/10/25 0:00"
