"cyclone_id","cyclone_num","station_id","hour_maxrain","start","end"
"195105","5100","59316","19","1951/5/14 1:00","1951/5/14 2:00"
"195106","5100","57957","16","1951/6/21 17:00","1951/6/21 18:00"
"195106","5100","59211","10","1951/6/22 17:00","1951/6/22 18:00"
"195106","5100","59287","10","1951/6/21 8:00","1951/6/21 9:00"
"195106","5100","59431","14","1951/6/23 5:00","1951/6/23 6:00"
"195106","5100","59758","32","1951/6/20 21:00","1951/6/20 22:00"
"195112","5100","59287","29","1951/8/3 13:43","1951/8/3 14:43"
"195112","5100","59431","11","1951/8/2 23:00","1951/8/2 0:00"
"195112","5100","59758","44","1951/8/2 5:00","1951/8/2 6:00"
"195114","5100","59211","11","1951/8/8 13:00","1951/8/8 14:00"
"195114","5100","59287","17","1951/8/7 16:15","1951/8/7 17:05"
"195114","5100","59431","14","1951/8/8 15:00","1951/8/8 16:00"
"195115","5100","59265","15","1951/8/18 15:00","1951/8/18 16:00"
"195115","5100","59287","12","1951/8/15 18:30","1951/8/15 19:30"
"195115","5100","59316","25","1951/8/16 15:00","1951/8/16 16:00"
"195115","5100","59431","13","1951/8/19 5:00","1951/8/19 6:00"
"195115","5100","59758","21","1951/8/16 12:00","1951/8/16 13:00"
"195118","5100","59211","11","1951/9/4 7:00","1951/9/4 8:00"
"195118","5100","59287","14","1951/9/2 14:37","1951/9/2 15:05"
"195118","5100","59758","19","1951/9/2 21:00","1951/9/2 22:00"
"195119","5100","59287","33","1951/9/4 16:17","1951/9/4 17:17"
"195122","5100","59316","11","1951/9/25 13:00","1951/9/25 14:00"
"195201","5200","59287","12","1952/6/14 21:40","1952/6/14 22:40"
"195201","5200","59316","17","1952/6/12 3:00","1952/6/12 4:00"
"195208","5200","57957","33","1952/7/30 17:00","1952/7/30 18:00"
"195208","5200","59265","19","1952/7/30 12:00","1952/7/30 13:00"
"195208","5200","59287","47","1952/7/30 7:03","1952/7/30 8:03"
"195208","5200","59431","12","1952/7/30 15:27","1952/7/30 16:27"
"195214","5200","59265","30","1952/8/20 20:00","1952/8/20 21:00"
"195214","5200","59287","22","1952/8/19 17:25","1952/8/19 18:25"
"195214","5200","59316","20","1952/8/20 11:00","1952/8/20 12:00"
"195215","5200","59316","11","1952/8/27 10:00","1952/8/27 11:00"
"195215","5200","59758","30","1952/8/27 17:00","1952/8/27 18:00"
"195217","5200","59431","18","1952/9/7 15:50","1952/9/7 16:50"
"195218","5200","59316","15","1952/9/12 21:00","1952/9/12 22:00"
"195221","5200","59316","16","1952/9/17 19:00","1952/9/17 20:00"
"195305","5300","54497","14","1953/7/6 17:55","1953/7/6 18:55"
"195305","5300","59082","12","1953/7/5 16:55","1953/7/5 17:55"
"195305","5300","59265","10","1953/7/5 21:00","1953/7/5 22:00"
"195305","5300","59287","27","1953/7/5 17:24","1953/7/5 18:24"
"195305","5300","59316","29","1953/7/5 14:00","1953/7/5 15:00"
"195306","5300","59082","24","1953/7/1 13:55","1953/7/1 14:55"
"195306","5300","59287","21","1953/7/2 15:40","1953/7/2 16:40"
"195306","5300","59316","25","1953/7/2 7:09","1953/7/2 8:09"
"195307","5300","57957","28","1953/7/26 15:00","1953/7/26 16:00"
"195307","5300","59316","10","1953/7/25 0:00","1953/7/25 1:00"
"195310","5300","54497","26","1953/8/17 23:00","1953/8/17 0:00"
"195310","5300","54662","27","1953/8/21 14:00","1953/8/21 15:00"
"195310","5300","54823","32","1953/8/20 18:00","1953/8/20 19:00"
"195313","5300","59316","15","1953/8/14 8:00","1953/8/14 9:00"
"195314","5300","59316","24","1953/8/21 22:00","1953/8/21 23:00"
"195315","5300","59316","14","1953/9/1 23:00","1953/9/1 0:00"
"195317","5300","59265","13","1953/9/20 17:00","1953/9/20 18:00"
"195317","5300","59316","23","1953/9/18 13:00","1953/9/18 14:00"
"195326","5300","59316","19","1953/10/30 15:00","1953/10/30 16:00"
"195407","5400","56964","10","1954/8/7 2:27","1954/8/7 3:27"
"195407","5400","57957","19","1954/8/6 16:00","1954/8/6 17:00"
"195407","5400","57993","16","1954/8/7 15:48","1954/8/7 16:48"
"195407","5400","59211","17","1954/8/7 17:03","1954/8/7 18:03"
"195407","5400","59316","15","1954/8/5 7:55","1954/8/5 8:55"
"195407","5400","59431","14","1954/8/7 13:30","1954/8/7 14:30"
"195407","5400","59644","35","1954/8/6 0:25","1954/8/6 1:25"
"195411","5400","50953","11","1954/8/26 14:24","1954/8/26 15:24"
"195411","5400","54292","20","1954/8/26 5:00","1954/8/26 6:00"
"195411","5400","54342","24","1954/8/26 11:04","1954/8/26 12:04"
"195411","5400","54471","19","1954/8/26 6:00","1954/8/26 7:00"
"195416","5400","57957","24","1954/9/2 2:05","1954/9/2 3:05"
"195416","5400","59265","15","1954/9/4 3:20","1954/9/4 4:20"
"195417","5400","50953","10","1954/9/14 13:10","1954/9/14 14:10"
"195418","5400","59316","13","1954/9/10 2:00","1954/9/10 3:00"
"195418","5400","59431","39","1954/9/12 2:18","1954/9/12 3:18"
"195418","5400","59644","40","1954/9/12 14:58","1954/9/12 15:58"
"195424","5400","59211","22","1954/10/7 8:34","1954/10/7 9:34"
"195424","5400","59265","29","1954/10/7 13:30","1954/10/7 14:30"
"195424","5400","59644","25","1954/10/6 17:37","1954/10/6 18:37"
"195505","5500","57993","14","1955/6/5 15:20","1955/6/5 16:20"
"195505","5500","58457","22","1955/6/6 19:33","1955/6/6 20:33"
"195505","5500","59082","18","1955/6/6 9:48","1955/6/6 10:48"
"195505","5500","59265","17","1955/6/7 12:45","1955/6/7 13:45"
"195505","5500","59287","81","1955/6/6 2:00","1955/6/6 3:00"
"195505","5500","59293","10","1955/6/4 6:45","1955/6/4 7:45"
"195505","5500","59501","14","1955/6/5 2:31","1955/6/5 3:31"
"195506","5500","59501","20","1955/6/27 2:09","1955/6/27 3:09"
"195506","5500","59644","11","1955/6/26 13:45","1955/6/26 14:37"
"195506","5500","59663","52","1955/6/26 19:30","1955/6/26 20:30"
"195506","5500","59838","26","1955/6/26 17:00","1955/6/26 18:00"
"195507","5500","54161","14","1955/7/17 16:40","1955/7/17 17:40"
"195507","5500","54342","11","1955/7/17 7:28","1955/7/17 8:28"
"195507","5500","54497","25","1955/7/16 15:23","1955/7/16 16:23"
"195507","5500","54662","23","1955/7/17 4:00","1955/7/17 5:00"
"195507","5500","58477","18","1955/7/15 3:00","1955/7/15 4:00"
"195508","5500","59082","25","1955/7/10 17:14","1955/7/10 18:14"
"195508","5500","59287","21","1955/7/11 9:22","1955/7/11 10:22"
"195508","5500","59293","11","1955/7/9 15:25","1955/7/9 16:00"
"195508","5500","59316","19","1955/7/11 20:45","1955/7/11 21:27"
"195508","5500","59644","35","1955/7/12 5:28","1955/7/12 6:28"
"195508","5500","59663","103","1955/7/11 18:12","1955/7/11 19:12"
"195508","5500","59838","14","1955/7/9 19:18","1955/7/9 19:53"
"195518","5500","58457","14","1955/8/17 18:20","1955/8/17 19:06"
"195519","5500","58847","15","1955/8/25 3:00","1955/8/25 4:00"
"195519","5500","59082","15","1955/8/25 15:01","1955/8/25 16:00"
"195521","5500","58457","12","1955/8/27 13:30","1955/8/27 14:30"
"195525","5500","59117","12","1955/10/13 20:58","1955/10/13 21:58"
"195525","5500","59211","10","1955/9/16 3:50","1955/9/16 4:50"
"195525","5500","59293","18","1955/9/14 17:08","1955/9/14 17:50"
"195525","5500","59431","12","1955/9/14 13:21","1955/9/14 13:58"
"195525","5500","59501","13","1955/9/15 4:16","1955/9/15 5:16"
"195525","5500","59644","17","1955/9/16 4:28","1955/9/16 5:07"
"195526","5500","59431","10","1955/9/26 14:43","1955/9/26 15:43"
"195526","5500","59644","31","1955/9/26 11:27","1955/9/26 12:27"
"195526","5500","59663","27","1955/9/25 12:16","1955/9/25 13:16"
"195526","5500","59758","21","1955/9/25 14:00","1955/9/25 15:00"
"195526","5500","59838","17","1955/9/26 1:27","1955/9/26 2:27"
"195605","5600","59211","12","1956/6/6 15:15","1956/6/6 15:49"
"195605","5600","59431","17","1956/6/5 13:04","1956/6/5 13:37"
"195605","5600","59501","22","1956/6/5 21:25","1956/6/5 22:25"
"195607","5600","57993","14","1956/6/30 14:19","1956/6/30 15:19"
"195609","5600","59007","15","1956/7/8 18:42","1956/7/8 19:21"
"195609","5600","59644","25","1956/7/7 12:11","1956/7/7 13:11"
"195609","5600","59758","12","1956/7/8 4:35","1956/7/8 5:35"
"195609","5600","59838","51","1956/7/8 9:22","1956/7/8 10:22"
"195611","5600","57866","11","1956/7/27 15:20","1956/7/27 15:40"
"195611","5600","57957","13","1956/7/27 8:40","1956/7/27 9:40"
"195611","5600","57972","22","1956/7/28 14:00","1956/7/28 15:00"
"195611","5600","59117","12","1956/7/28 13:31","1956/7/28 14:31"
"195611","5600","59287","17","1956/7/29 0:21","1956/7/29 1:21"
"195611","5600","59293","19","1956/7/28 8:22","1956/7/28 9:15"
"195611","5600","59316","14","1956/7/27 15:12","1956/7/27 16:12"
"195611","5600","59501","13","1956/7/29 5:47","1956/7/29 6:47"
"195612","5600","53798","17","1956/8/3 7:26","1956/8/3 8:26"
"195612","5600","54423","15","1956/8/1 9:53","1956/8/1 10:50"
"195612","5600","54471","14","1956/8/4 3:31","1956/8/4 4:31"
"195612","5600","54662","22","1956/8/6 3:08","1956/8/6 4:08"
"195612","5600","54823","12","1956/8/2 16:33","1956/8/2 17:33"
"195612","5600","54843","11","1956/8/2 22:03","1956/8/2 23:03"
"195612","5600","57083","15","1956/8/3 7:08","1956/8/3 8:08"
"195612","5600","57265","19","1956/8/2 12:50","1956/8/2 13:50"
"195612","5600","57297","13","1956/8/1 20:00","1956/8/1 21:00"
"195612","5600","57816","12","1956/8/1 14:36","1956/8/1 15:36"
"195612","5600","58102","11","1956/8/2 21:05","1956/8/2 22:05"
"195612","5600","58141","16","1956/8/3 17:36","1956/8/3 18:36"
"195612","5600","58457","16","1956/8/1 22:57","1956/8/1 23:57"
"195612","5600","59023","12","1956/8/1 20:10","1956/8/1 21:10"
"195612","5600","59117","13","1956/8/3 14:06","1956/8/3 15:06"
"195612","5600","59134","34","1956/8/2 22:30","1956/8/2 23:30"
"195612","5600","59211","17","1956/8/2 13:04","1956/8/2 13:32"
"195615","5600","59211","11","1956/8/7 20:23","1956/8/7 21:00"
"195615","5600","59287","37","1956/8/7 11:36","1956/8/7 12:36"
"195615","5600","59501","31","1956/8/7 23:36","1956/8/8 0:36"
"195615","5600","59663","22","1956/8/8 1:39","1956/8/8 2:39"
"195615","5600","59758","31","1956/8/6 14:30","1956/8/6 15:30"
"195617","5600","57902","13","1956/8/13 10:57","1956/8/13 11:38"
"195617","5600","59082","14","1956/8/13 18:34","1956/8/13 19:34"
"195617","5600","59663","30","1956/8/14 3:55","1956/8/14 4:55"
"195617","5600","59758","21","1956/8/12 4:00","1956/8/12 5:00"
"195619","5600","57816","11","1956/8/19 19:39","1956/8/19 20:39"
"195619","5600","57957","10","1956/8/18 16:00","1956/8/18 16:50"
"195619","5600","59007","13","1956/8/19 13:43","1956/8/19 14:43"
"195619","5600","59023","10","1956/8/19 0:30","1956/8/20 0:48"
"195619","5600","59082","21","1956/8/17 16:07","1956/8/17 17:07"
"195619","5600","59211","20","1956/8/19 22:20","1956/8/19 23:20"
"195619","5600","59293","34","1956/8/17 18:45","1956/8/17 19:45"
"195619","5600","59431","16","1956/8/19 2:42","1956/8/19 3:42"
"195619","5600","59644","13","1956/8/18 21:02","1956/8/18 22:02"
"195619","5600","59663","22","1956/8/17 10:30","1956/8/17 11:30"
"195619","5600","59838","40","1956/8/15 10:40","1956/8/15 11:40"
"195621","5600","59211","24","1956/8/31 4:52","1956/8/31 5:45"
"195621","5600","59663","12","1956/8/31 15:41","1956/8/31 16:41"
"195621","5600","59838","28","1956/8/30 10:05","1956/8/30 11:05"
"195622","5600","54374","14","1956/9/5 22:00","1956/9/5 23:00"
"195622","5600","54823","65","1956/9/4 12:49","1956/9/4 13:49"
"195622","5600","54843","25","1956/9/4 19:03","1956/9/4 20:03"
"195622","5600","58102","15","1956/9/4 16:05","1956/9/4 17:05"
"195622","5600","58203","20","1956/9/4 16:54","1956/9/4 17:54"
"195622","5600","58457","16","1956/9/5 9:19","1956/9/5 10:19"
"195622","5600","58847","19","1956/9/3 20:52","1956/9/3 21:52"
"195623","5600","50774","10","1956/9/10 0:48","1956/9/10 1:48"
"195625","5600","59287","15","1956/9/14 15:09","1956/9/14 15:56"
"195626","5600","58238","11","1956/9/19 2:34","1956/9/19 3:34"
"195626","5600","58251","18","1956/9/20 12:13","1956/9/20 13:13"
"195626","5600","58457","14","1956/9/18 18:18","1956/9/18 19:18"
"195626","5600","58847","16","1956/9/19 12:43","1956/9/19 13:43"
"195626","5600","59117","11","1956/9/19 14:52","1956/9/19 15:52"
"195626","5600","59501","10","1956/9/20 17:10","1956/9/20 18:10"
"195627","5600","58238","20","1956/9/24 11:14","1956/9/24 12:14"
"195627","5600","58457","20","1956/9/24 15:40","1956/9/24 16:40"
"195627","5600","58847","15","1956/9/24 0:07","1956/9/24 1:07"
"195630","5600","59134","10","1956/9/25 19:07","1956/9/25 20:07"
"195630","5600","59758","43","1956/9/27 5:00","1956/9/27 6:00"
"195630","5600","59838","28","1956/9/27 11:15","1956/9/27 12:15"
"195631","5600","58847","14","1956/10/23 13:19","1956/10/23 14:19"
"195707","5700","57993","19","1957/7/4 17:39","1957/7/4 18:39"
"195707","5700","59082","11","1957/7/4 15:51","1957/7/4 16:21"
"195707","5700","59287","11","1957/7/6 5:00","1957/7/6 6:00"
"195707","5700","59293","14","1957/7/3 13:00","1957/7/3 13:33"
"195707","5700","59316","18","1957/7/5 17:17","1957/7/5 18:17"
"195707","5700","59431","11","1957/7/6 10:16","1957/7/6 11:07"
"195707","5700","59501","23","1957/7/5 9:05","1957/7/5 10:05"
"195707","5700","59644","17","1957/7/4 17:55","1957/7/4 18:33"
"195707","5700","59663","26","1957/7/6 23:59","1957/7/7 0:48"
"195707","5700","59758","10","1957/7/4 10:14","1957/7/4 10:54"
"195707","5700","59838","12","1957/7/4 5:30","1957/7/4 6:15"
"195708","5700","57957","14","1957/7/17 18:30","1957/7/17 19:30"
"195708","5700","59007","25","1957/7/18 3:40","1957/7/18 4:40"
"195708","5700","59265","21","1957/7/17 8:39","1957/7/17 9:39"
"195708","5700","59287","20","1957/7/16 13:27","1957/7/16 13:53"
"195708","5700","59293","16","1957/7/17 9:37","1957/7/17 10:37"
"195708","5700","59501","17","1957/7/17 3:00","1957/7/17 4:00"
"195708","5700","59663","25","1957/7/17 6:44","1957/7/17 7:44"
"195708","5700","59758","22","1957/7/17 18:00","1957/7/17 19:00"
"195710","5700","50788","17","1957/8/22 8:05","1957/8/22 9:05"
"195710","5700","54094","11","1957/8/21 20:25","1957/8/21 21:25"
"195710","5700","54273","13","1957/8/22 6:32","1957/8/22 7:32"
"195710","5700","54374","12","1957/8/21 18:00","1957/8/21 19:00"
"195710","5700","54377","12","1957/8/21 14:00","1957/8/21 15:00"
"195711","5700","57799","16","1957/8/23 0:19","1957/8/23 1:19"
"195711","5700","57866","12","1957/8/23 2:51","1957/8/23 3:51"
"195711","5700","57972","26","1957/8/20 15:30","1957/8/20 16:30"
"195711","5700","57993","31","1957/8/21 19:14","1957/8/21 20:14"
"195711","5700","59082","15","1957/8/21 15:13","1957/8/21 16:00"
"195711","5700","59265","37","1957/8/21 6:00","1957/8/21 7:00"
"195711","5700","59287","17","1957/8/16 15:23","1957/8/16 16:13"
"195711","5700","59501","19","1957/8/17 2:18","1957/8/17 3:18"
"195711","5700","59644","14","1957/8/20 5:34","1957/8/20 6:34"
"195711","5700","59663","18","1957/8/20 13:58","1957/8/20 14:58"
"195711","5700","59758","13","1957/8/17 14:22","1957/8/17 15:22"
"195711","5700","59838","59","1957/8/16 13:56","1957/8/16 14:56"
"195714","5700","59023","21","1957/8/27 14:13","1957/8/27 14:59"
"195714","5700","59082","14","1957/8/27 18:22","1957/8/27 19:22"
"195714","5700","59265","20","1957/8/27 2:13","1957/8/27 3:13"
"195714","5700","59287","10","1957/8/27 23:53","1957/8/28 0:53"
"195714","5700","59293","12","1957/8/26 16:27","1957/8/26 17:27"
"195714","5700","59316","22","1957/8/27 11:12","1957/8/27 12:12"
"195714","5700","59501","50","1957/8/26 16:20","1957/8/26 17:20"
"195714","5700","59644","41","1957/8/27 1:23","1957/8/27 2:10"
"195714","5700","59663","21","1957/8/27 2:45","1957/8/27 3:45"
"195717","5700","57799","14","1957/9/17 4:55","1957/9/17 5:55"
"195717","5700","59117","14","1957/9/15 15:48","1957/9/15 16:48"
"195717","5700","59316","54","1957/9/17 4:24","1957/9/17 5:24"
"195719","5700","59082","13","1957/9/24 14:00","1957/9/24 15:00"
"195719","5700","59287","18","1957/9/23 3:45","1957/9/23 4:45"
"195719","5700","59293","24","1957/9/23 13:06","1957/9/23 14:06"
"195719","5700","59316","35","1957/9/25 4:47","1957/9/25 5:47"
"195719","5700","59501","41","1957/9/22 9:28","1957/9/22 10:28"
"195723","5700","57799","14","1957/10/16 4:47","1957/10/16 5:47"
"195723","5700","57972","11","1957/10/15 15:35","1957/10/15 16:35"
"195723","5700","57993","12","1957/10/16 10:03","1957/10/16 11:03"
"195723","5700","58847","18","1957/10/16 21:53","1957/10/16 22:53"
"195723","5700","59117","33","1957/10/16 20:14","1957/10/16 21:14"
"195723","5700","59134","21","1957/10/16 1:47","1957/10/16 2:47"
"195723","5700","59265","18","1957/10/16 23:14","1957/10/17 0:14"
"195723","5700","59287","13","1957/10/15 12:18","1957/10/15 13:18"
"195723","5700","59293","11","1957/10/16 7:07","1957/10/16 8:07"
"195723","5700","59316","13","1957/10/15 21:31","1957/10/15 22:31"
"195723","5700","59501","16","1957/10/16 9:10","1957/10/16 10:10"
"195723","5700","59663","17","1957/10/15 16:50","1957/10/15 17:50"
"195804","5800","56651","18","1958/6/7 11:48","1958/6/7 12:21"
"195804","5800","56778","33","1958/6/6 0:59","1958/6/6 1:59"
"195804","5800","57957","18","1958/6/2 13:35","1958/6/2 14:27"
"195804","5800","57993","12","1958/5/31 18:29","1958/5/31 19:16"
"195804","5800","59082","19","1958/6/1 17:00","1958/6/1 18:00"
"195804","5800","59211","13","1958/6/7 15:37","1958/6/7 16:20"
"195804","5800","59287","14","1958/5/31 11:37","1958/5/31 12:37"
"195804","5800","59316","13","1958/5/31 0:47","1958/5/31 1:47"
"195804","5800","59501","12","1958/5/31 13:16","1958/5/31 14:16"
"195804","5800","59663","39","1958/6/7 14:50","1958/6/7 15:50"
"195804","5800","59758","57","1958/6/1 22:57","1958/6/1 23:57"
"195804","5800","59838","26","1958/6/3 3:23","1958/6/3 4:23"
"195810","5800","53798","11","1958/7/16 23:31","1958/7/17 0:08"
"195810","5800","57083","11","1958/7/18 22:46","1958/7/18 23:46"
"195810","5800","57178","31","1958/7/18 14:45","1958/7/18 15:45"
"195810","5800","57245","15","1958/7/17 22:41","1958/7/17 23:41"
"195810","5800","57265","17","1958/7/18 15:47","1958/7/18 16:47"
"195810","5800","57328","16","1958/7/17 14:21","1958/7/17 15:21"
"195810","5800","57461","13","1958/7/18 9:16","1958/7/18 10:16"
"195810","5800","57816","10","1958/7/18 22:48","1958/7/18 23:48"
"195810","5800","57866","17","1958/7/17 11:41","1958/7/17 12:41"
"195810","5800","57957","43","1958/7/18 8:27","1958/7/18 9:27"
"195810","5800","57972","12","1958/7/17 12:24","1958/7/17 13:24"
"195810","5800","59023","19","1958/7/17 4:04","1958/7/17 5:04"
"195810","5800","59134","69","1958/7/17 15:09","1958/7/17 16:09"
"195810","5800","59211","75","1958/7/19 4:02","1958/7/19 5:02"
"195810","5800","59265","13","1958/7/19 6:10","1958/7/19 7:10"
"195810","5800","59287","18","1958/7/16 21:44","1958/7/16 22:44"
"195810","5800","59316","33","1958/7/18 8:03","1958/7/18 9:03"
"195810","5800","59501","72","1958/7/16 16:47","1958/7/16 17:47"
"195810","5800","59644","14","1958/7/18 22:40","1958/7/18 23:40"
"195810","5800","59663","46","1958/7/19 23:06","1958/7/20 0:06"
"195810","5800","59758","25","1958/7/18 14:15","1958/7/18 15:15"
"195813","5800","59134","15","1958/7/23 18:11","1958/7/23 18:50"
"195813","5800","59316","70","1958/7/23 2:16","1958/7/23 3:16"
"195813","5800","59501","12","1958/7/21 13:46","1958/7/21 14:46"
"195815","5800","59082","41","1958/8/8 14:33","1958/8/8 15:33"
"195815","5800","59501","27","1958/8/8 9:31","1958/8/8 10:31"
"195815","5800","59644","36","1958/8/7 15:37","1958/8/7 16:24"
"195815","5800","59663","22","1958/8/8 22:22","1958/8/8 23:22"
"195815","5800","59758","31","1958/8/7 14:11","1958/8/7 15:11"
"195815","5800","59838","24","1958/8/10 1:39","1958/8/10 2:39"
"195819","5800","56739","16","1958/8/29 2:08","1958/8/29 3:08"
"195819","5800","56964","16","1958/8/28 14:25","1958/8/28 15:25"
"195819","5800","59082","14","1958/8/27 15:24","1958/8/27 16:24"
"195819","5800","59287","13","1958/8/27 10:51","1958/8/27 11:29"
"195819","5800","59293","22","1958/8/27 13:47","1958/8/27 14:47"
"195819","5800","59501","24","1958/8/27 10:24","1958/8/27 11:24"
"195819","5800","59758","13","1958/8/28 2:05","1958/8/28 3:05"
"195819","5800","59838","24","1958/8/29 12:06","1958/8/29 13:06"
"195820","5800","57799","35","1958/9/1 20:07","1958/9/1 21:07"
"195820","5800","58457","63","1958/9/1 15:34","1958/9/1 16:34"
"195820","5800","59117","37","1958/8/29 14:32","1958/8/29 15:32"
"195820","5800","59316","37","1958/8/30 16:00","1958/8/30 16:34"
"195821","5800","56571","11","1958/9/4 18:45","1958/9/4 19:17"
"195821","5800","56964","28","1958/9/4 18:26","1958/9/4 19:26"
"195821","5800","57866","15","1958/9/2 21:17","1958/9/2 22:17"
"195821","5800","57957","12","1958/9/3 11:55","1958/9/3 12:20"
"195821","5800","59007","11","1958/9/5 5:29","1958/9/5 6:29"
"195821","5800","59134","19","1958/8/31 20:06","1958/8/31 21:06"
"195821","5800","59265","19","1958/9/2 17:24","1958/9/2 18:24"
"195821","5800","59293","15","1958/9/2 12:11","1958/9/2 13:11"
"195821","5800","59316","17","1958/9/1 16:20","1958/9/1 17:20"
"195821","5800","59431","18","1958/9/3 4:50","1958/9/3 5:50"
"195821","5800","59501","73","1958/8/31 15:31","1958/8/31 16:16"
"195821","5800","59663","22","1958/9/3 0:02","1958/9/3 1:02"
"195821","5800","59758","35","1958/9/2 20:40","1958/9/2 21:40"
"195821","5800","59838","42","1958/9/2 6:37","1958/9/2 7:37"
"195822","5800","58150","34","1958/9/4 13:11","1958/9/4 14:11"
"195822","5800","58203","19","1958/9/4 11:49","1958/9/4 12:49"
"195822","5800","58251","34","1958/9/4 16:49","1958/9/4 17:49"
"195822","5800","58265","42","1958/9/5 17:26","1958/9/5 18:26"
"195822","5800","58457","34","1958/9/4 14:20","1958/9/4 15:20"
"195822","5800","58847","10","1958/9/4 18:37","1958/9/4 19:37"
"195822","5800","59134","19","1958/9/6 4:06","1958/9/6 4:32"
"195823","5800","57799","13","1958/9/11 15:40","1958/9/11 16:13"
"195823","5800","57902","13","1958/9/13 19:58","1958/9/13 20:58"
"195823","5800","57993","15","1958/9/11 19:34","1958/9/11 20:34"
"195823","5800","59007","12","1958/9/13 9:57","1958/9/13 10:57"
"195823","5800","59023","14","1958/9/13 4:38","1958/9/13 5:38"
"195823","5800","59082","11","1958/9/13 13:00","1958/9/13 13:34"
"195823","5800","59293","22","1958/9/13 10:45","1958/9/13 11:45"
"195823","5800","59316","25","1958/9/11 10:38","1958/9/11 11:38"
"195823","5800","59431","18","1958/9/11 19:57","1958/9/11 20:57"
"195823","5800","59501","30","1958/9/11 18:26","1958/9/11 19:26"
"195823","5800","59644","14","1958/9/12 1:27","1958/9/12 2:27"
"195823","5800","59663","22","1958/9/11 14:55","1958/9/11 15:55"
"195824","5800","59117","10","1958/9/6 20:07","1958/9/6 21:07"
"195824","5800","59293","64","1958/9/5 16:24","1958/9/5 17:24"
"195824","5800","59644","19","1958/9/8 23:03","1958/9/9 0:03"
"195824","5800","59758","49","1958/9/7 0:27","1958/9/7 1:27"
"195824","5800","59838","16","1958/9/6 22:00","1958/9/6 23:00"
"195905","5900","58847","19","1959/7/6 19:32","1959/7/6 20:32"
"195905","5900","59117","30","1959/7/6 9:50","1959/7/6 10:50"
"195905","5900","59134","29","1959/7/6 19:40","1959/7/6 20:40"
"195905","5900","59287","23","1959/7/7 6:40","1959/7/7 7:40"
"195905","5900","59293","16","1959/7/6 15:46","1959/7/6 16:46"
"195905","5900","59316","42","1959/7/7 3:55","1959/7/7 4:55"
"195905","5900","59501","23","1959/7/7 7:05","1959/7/7 8:05"
"195907","5900","59431","51","1959/7/31 0:38","1959/7/31 1:38"
"195907","5900","59758","10","1959/7/29 18:06","1959/7/29 19:06"
"195907","5900","59838","10","1959/7/29 14:39","1959/7/29 15:39"
"195909","5900","50788","11","1959/8/16 0:00","1959/8/16 1:00"
"195910","5900","59293","13","1959/8/19 12:43","1959/8/19 13:43"
"195910","5900","59431","13","1959/8/19 16:38","1959/8/19 17:25"
"195910","5900","59758","28","1959/8/20 11:27","1959/8/20 12:23"
"195916","5900","59023","10","1959/9/4 5:42","1959/9/4 6:42"
"195916","5900","59211","10","1959/9/3 17:41","1959/9/3 18:41"
"195916","5900","59838","11","1959/9/4 4:12","1959/9/4 5:12"
"195906","5901","50978","14","1959/7/18 8:17","1959/7/18 9:17"
"195906","5901","54273","14","1959/7/17 20:35","1959/7/17 21:35"
"195906","5901","54292","10","1959/7/18 5:00","1959/7/18 6:00"
"195906","5901","54374","13","1959/7/18 23:50","1959/7/19 0:50"
"195906","5901","54377","13","1959/7/17 20:00","1959/7/17 21:00"
"195906","5901","54497","23","1959/7/16 20:00","1959/7/16 21:00"
"195906","5901","58238","19","1959/7/17 0:00","1959/7/17 1:00"
"195906","5901","58847","22","1959/7/16 18:05","1959/7/16 19:05"
"195906","5901","59293","10","1959/7/17 5:40","1959/7/17 6:40"
"195908","5902","58457","16","1959/8/5 9:22","1959/8/5 10:22"
"195912","5903","57972","10","1959/8/23 16:24","1959/8/23 17:24"
"195912","5903","57993","16","1959/8/23 16:04","1959/8/23 17:04"
"195912","5903","59082","27","1959/8/23 14:36","1959/8/23 15:36"
"195912","5903","59117","14","1959/8/23 9:06","1959/8/23 10:06"
"195912","5903","59293","13","1959/8/22 21:45","1959/8/22 22:45"
"195912","5903","59316","29","1959/8/23 0:31","1959/8/23 1:31"
"195912","5903","59501","30","1959/8/24 7:09","1959/8/24 8:09"
"195914","5904","54497","28","1959/8/30 9:20","1959/8/30 10:20"
"195914","5904","54662","24","1959/8/30 23:00","1959/8/30 0:00"
"195914","5904","57799","10","1959/8/31 3:00","1959/8/31 4:00"
"195914","5904","57972","10","1959/8/30 18:58","1959/8/30 19:58"
"195914","5904","57993","28","1959/8/30 21:50","1959/8/30 22:50"
"195914","5904","58027","11","1959/8/30 13:10","1959/8/30 13:40"
"195914","5904","58040","77","1959/8/30 13:16","1959/8/30 14:16"
"195914","5904","58251","32","1959/8/31 18:30","1959/8/31 19:30"
"195914","5904","58527","28","1959/8/31 16:38","1959/8/31 17:38"
"195914","5904","58847","16","1959/8/29 18:18","1959/8/29 19:18"
"195914","5904","59134","18","1959/8/31 3:41","1959/8/31 4:41"
"195914","5904","59287","27","1959/8/31 16:10","1959/8/31 17:10"
"195914","5904","59316","36","1959/8/31 23:38","1959/9/1 0:38"
"195914","5904","59501","29","1959/8/30 23:00","1959/8/30 0:00"
"195915","5905","54497","16","1959/9/7 15:25","1959/9/7 16:25"
"195915","5905","58040","17","1959/9/6 9:33","1959/9/6 10:33"
"195915","5905","58251","21","1959/9/4 8:45","1959/9/4 9:45"
"195915","5905","58265","13","1959/9/5 20:50","1959/9/5 21:50"
"195915","5905","58457","24","1959/9/4 18:25","1959/9/4 19:25"
"195915","5905","58477","24","1959/9/5 19:35","1959/9/5 20:35"
"195915","5905","59134","15","1959/9/4 17:36","1959/9/4 18:36"
"195917","5906","58457","12","1959/9/12 4:48","1959/9/12 5:48"
"195917","5906","58477","25","1959/9/12 17:38","1959/9/12 18:33"
"195917","5906","58847","26","1959/9/11 15:50","1959/9/11 16:50"
"195917","5906","59117","25","1959/9/11 3:22","1959/9/11 4:22"
"195917","5906","59134","34","1959/9/10 18:29","1959/9/10 19:29"
"195917","5906","59293","20","1959/9/11 8:45","1959/9/11 9:45"
"195917","5906","59316","37","1959/9/11 1:45","1959/9/11 2:45"
"195917","5906","59501","30","1959/9/10 16:10","1959/9/10 17:10"
"195917","5906","59838","13","1959/9/11 1:30","1959/9/11 2:30"
"195919","5907","58457","19","1959/9/16 13:58","1959/9/16 14:58"
"196006","6001","57297","15","1960/6/9 15:12","1960/6/9 16:12"
"196006","6001","57799","29","1960/6/10 15:45","1960/6/10 16:45"
"196006","6001","57972","11","1960/6/9 18:52","1960/6/9 19:42"
"196006","6001","58265","25","1960/6/10 7:31","1960/6/10 8:31"
"196006","6001","58527","33","1960/6/8 11:50","1960/6/8 12:50"
"196006","6001","58725","11","1960/6/7 21:44","1960/6/7 22:44"
"196006","6001","58847","32","1960/6/9 13:57","1960/6/9 14:57"
"196006","6001","59134","26","1960/6/10 1:08","1960/6/10 2:08"
"196006","6001","59316","31","1960/6/9 20:00","1960/6/9 21:00"
"196006","6001","59758","17","1960/6/6 9:20","1960/6/6 10:20"
"196007","6003","56651","40","1960/6/30 15:00","1960/6/30 16:00"
"196007","6003","57799","12","1960/6/29 18:00","1960/6/29 18:49"
"196007","6003","57816","14","1960/6/30 14:55","1960/6/30 15:55"
"196007","6003","59082","12","1960/6/29 14:50","1960/6/29 15:50"
"196007","6003","59117","14","1960/6/29 21:32","1960/6/29 22:32"
"196007","6003","59287","15","1960/7/1 8:04","1960/7/1 8:58"
"196007","6003","59316","14","1960/6/30 16:54","1960/6/30 17:48"
"196007","6003","59501","16","1960/6/29 12:52","1960/6/29 13:46"
"196007","6003","59663","25","1960/6/30 6:08","1960/6/30 7:08"
"196007","6003","59838","33","1960/6/30 6:40","1960/6/30 7:40"
"196008","6004","59287","14","1960/6/26 4:15","1960/6/26 5:00"
"196008","6004","59838","13","1960/6/25 16:35","1960/6/25 17:06"
"196009","6005","54236","21","1960/7/29 4:38","1960/7/29 5:38"
"196009","6005","54273","12","1960/7/29 8:16","1960/7/29 9:16"
"196009","6005","54342","12","1960/7/29 2:56","1960/7/29 3:56"
"196009","6005","54471","12","1960/7/29 23:01","1960/7/30 0:01"
"196009","6005","54497","18","1960/7/28 22:21","1960/7/28 23:21"
"196009","6005","54662","34","1960/7/28 19:00","1960/7/28 20:00"
"196009","6005","54753","18","1960/7/28 16:45","1960/7/28 17:45"
"196009","6005","54843","21","1960/7/27 17:00","1960/7/27 18:00"
"196009","6005","58027","21","1960/7/27 1:15","1960/7/27 2:15"
"196009","6005","58102","40","1960/7/28 6:08","1960/7/28 7:08"
"196009","6005","58150","41","1960/7/26 11:18","1960/7/26 12:18"
"196009","6005","58203","14","1960/7/28 23:45","1960/7/29 0:45"
"196009","6005","58251","10","1960/7/26 11:18","1960/7/26 12:18"
"196009","6005","58457","12","1960/7/27 14:25","1960/7/27 15:25"
"196012","6006","57957","13","1960/8/3 15:18","1960/8/3 16:18"
"196012","6006","59265","18","1960/8/3 9:04","1960/8/3 10:04"
"196012","6006","59431","28","1960/8/3 13:41","1960/8/3 14:41"
"196012","6006","59644","20","1960/8/3 11:22","1960/8/3 12:22"
"196012","6006","59663","53","1960/8/3 3:06","1960/8/3 4:06"
"196012","6006","59838","35","1960/7/31 14:18","1960/7/31 15:18"
"196011","6007","54471","22","1960/8/5 17:37","1960/8/5 18:37"
"196011","6007","54497","63","1960/8/4 11:12","1960/8/4 12:12"
"196011","6007","54662","28","1960/8/5 9:40","1960/8/5 10:40"
"196011","6007","57993","11","1960/8/3 16:10","1960/8/3 17:10"
"196011","6007","58150","26","1960/8/5 19:38","1960/8/5 20:38"
"196011","6007","58221","13","1960/8/3 20:08","1960/8/3 20:50"
"196011","6007","58251","64","1960/8/5 2:48","1960/8/5 3:48"
"196011","6007","58265","47","1960/8/4 9:21","1960/8/4 10:21"
"196011","6007","58457","23","1960/8/4 0:54","1960/8/4 1:54"
"196011","6007","58477","18","1960/8/2 22:58","1960/8/2 23:58"
"196011","6007","58527","23","1960/8/3 23:27","1960/8/3 0:00"
"196011","6007","58847","14","1960/8/1 3:33","1960/8/1 4:33"
"196011","6007","59117","13","1960/7/31 17:13","1960/7/31 17:36"
"196011","6007","59134","20","1960/8/1 18:35","1960/8/1 19:30"
"196011","6007","59293","15","1960/8/1 14:06","1960/8/1 14:38"
"196011","6007","59316","11","1960/7/31 15:55","1960/7/31 16:55"
"196011","6007","59501","18","1960/8/2 13:07","1960/8/2 13:54"
"196013","6008","57866","25","1960/8/12 3:15","1960/8/12 4:15"
"196013","6008","57972","35","1960/8/12 13:47","1960/8/12 14:47"
"196013","6008","57993","19","1960/8/10 16:43","1960/8/10 17:43"
"196013","6008","58725","14","1960/8/6 19:33","1960/8/6 20:33"
"196013","6008","59082","15","1960/8/8 0:35","1960/8/8 1:14"
"196013","6008","59117","20","1960/8/9 16:15","1960/8/9 17:15"
"196013","6008","59134","24","1960/8/9 6:27","1960/8/9 7:27"
"196013","6008","59211","10","1960/8/10 18:08","1960/8/10 18:37"
"196013","6008","59265","18","1960/8/13 2:54","1960/8/13 3:54"
"196013","6008","59293","13","1960/8/10 23:36","1960/8/11 0:36"
"196013","6008","59316","24","1960/8/9 16:44","1960/8/9 17:44"
"196013","6008","59431","24","1960/8/13 15:34","1960/8/13 16:34"
"196013","6008","59501","25","1960/8/12 11:19","1960/8/12 12:19"
"196013","6008","59644","30","1960/8/13 7:44","1960/8/13 8:44"
"196013","6008","59663","45","1960/8/12 12:52","1960/8/12 13:52"
"196013","6008","59758","39","1960/8/13 15:14","1960/8/13 16:14"
"196013","6008","59838","34","1960/8/11 4:12","1960/8/11 5:12"
"196018","6012","57993","12","1960/8/15 14:23","1960/8/15 15:23"
"196018","6012","59082","11","1960/8/16 20:21","1960/8/16 21:14"
"196018","6012","59117","15","1960/8/15 4:34","1960/8/15 5:34"
"196018","6012","59293","16","1960/8/15 19:55","1960/8/15 20:35"
"196018","6012","59316","21","1960/8/14 18:23","1960/8/14 19:00"
"196018","6012","59501","28","1960/8/14 17:49","1960/8/14 18:18"
"196018","6012","59663","31","1960/8/15 18:08","1960/8/15 19:08"
"196018","6012","59838","56","1960/8/17 4:10","1960/8/17 5:10"
"196022","6014","50788","13","1960/8/23 4:06","1960/8/23 5:06"
"196022","6014","50978","14","1960/8/23 16:18","1960/8/23 17:18"
"196022","6014","54374","15","1960/8/23 23:36","1960/8/24 0:36"
"196022","6014","54377","12","1960/8/23 8:22","1960/8/23 9:22"
"196022","6014","58265","12","1960/8/22 7:16","1960/8/22 8:13"
"196024","6016","59117","21","1960/8/24 20:00","1960/8/24 21:00"
"196024","6016","59287","15","1960/8/26 22:34","1960/8/26 23:34"
"196024","6016","59293","30","1960/8/25 16:47","1960/8/25 17:47"
"196024","6016","59501","28","1960/8/26 1:16","1960/8/26 2:16"
"196024","6016","59758","19","1960/8/24 13:14","1960/8/24 14:14"
"196024","6016","59838","13","1960/8/18 16:33","1960/8/18 17:30"
"196026","6019","59431","10","1960/9/5 18:42","1960/9/5 19:25"
"196026","6019","59758","37","1960/9/5 17:00","1960/9/5 18:00"
"196030","6021","59758","18","1960/9/18 21:37","1960/9/18 22:37"
"196031","6022","56739","31","1960/9/29 0:22","1960/9/29 1:22"
"196031","6022","56951","11","1960/9/28 11:47","1960/9/28 12:47"
"196031","6022","59082","16","1960/9/25 15:21","1960/9/25 16:21"
"196031","6022","59117","14","1960/9/24 15:21","1960/9/24 16:20"
"196031","6022","59211","14","1960/9/27 6:10","1960/9/27 7:10"
"196031","6022","59265","20","1960/9/27 15:43","1960/9/27 16:43"
"196031","6022","59316","23","1960/9/25 3:25","1960/9/25 4:25"
"196031","6022","59431","29","1960/9/27 15:12","1960/9/27 16:12"
"196031","6022","59501","15","1960/9/26 23:10","1960/9/27 0:05"
"196031","6022","59663","40","1960/9/27 12:00","1960/9/27 13:00"
"196031","6022","59758","21","1960/9/25 9:12","1960/9/25 10:12"
"196031","6022","59838","20","1960/9/26 15:20","1960/9/26 16:20"
"196034","6024","59501","11","1960/10/10 12:40","1960/10/10 13:40"
"196034","6024","59758","17","1960/10/12 23:01","1960/10/13 0:01"
"196034","6024","59838","23","1960/10/13 15:14","1960/10/13 16:14"
"196035","6025","59838","11","1960/10/17 10:30","1960/10/17 11:30"
"196127","6100","57972","21","1961/8/31 18:20","1961/8/31 19:20"
"196127","6100","57993","37","1961/8/31 15:50","1961/8/31 16:50"
"196127","6100","59287","83","1961/9/1 6:00","1961/9/1 7:00"
"196127","6100","59293","23","1961/9/1 6:14","1961/9/1 7:14"
"196127","6100","59644","12","1961/9/2 6:31","1961/9/2 7:31"
"196127","6100","59663","58","1961/8/31 18:16","1961/8/31 19:16"
"196127","6100","59758","12","1961/9/1 15:10","1961/9/1 16:10"
"196127","6100","59838","31","1961/8/31 12:14","1961/8/31 13:14"
"196104","6103","58847","23","1961/5/20 3:31","1961/5/20 4:31"
"196104","6103","59117","22","1961/5/21 4:54","1961/5/21 5:54"
"196104","6103","59134","16","1961/5/20 4:22","1961/5/20 5:22"
"196104","6103","59293","24","1961/5/19 19:08","1961/5/19 20:08"
"196104","6103","59316","25","1961/5/18 17:19","1961/5/18 17:54"
"196104","6103","59838","37","1961/5/18 8:47","1961/5/18 9:36"
"196105","6104","58477","16","1961/5/27 21:31","1961/5/27 22:31"
"196108","6107","57902","14","1961/6/9 23:50","1961/6/10 0:50"
"196108","6107","59007","14","1961/6/7 14:01","1961/6/7 15:01"
"196108","6107","59082","14","1961/6/8 13:57","1961/6/8 14:57"
"196108","6107","59211","11","1961/6/8 2:00","1961/6/8 3:00"
"196108","6107","59644","16","1961/6/6 2:55","1961/6/6 3:55"
"196108","6107","59663","19","1961/6/8 10:32","1961/6/8 11:10"
"196109","6108","59838","12","1961/6/24 12:35","1961/6/24 13:12"
"196112","6109","57745","24","1961/7/3 13:30","1961/7/3 14:30"
"196112","6109","57902","21","1961/7/3 18:30","1961/7/3 19:30"
"196112","6109","57957","11","1961/7/3 11:12","1961/7/3 12:12"
"196112","6109","57972","16","1961/7/2 13:10","1961/7/2 14:00"
"196112","6109","59082","15","1961/7/2 22:32","1961/7/2 23:32"
"196112","6109","59117","10","1961/7/1 17:40","1961/7/1 18:40"
"196112","6109","59134","14","1961/7/2 14:05","1961/7/2 15:05"
"196112","6109","59211","10","1961/7/3 8:22","1961/7/3 9:22"
"196112","6109","59265","31","1961/7/2 15:42","1961/7/2 16:42"
"196112","6109","59287","72","1961/7/1 21:50","1961/7/1 22:50"
"196112","6109","59293","37","1961/7/1 20:00","1961/7/1 21:00"
"196112","6109","59431","35","1961/7/3 3:50","1961/7/3 4:50"
"196112","6109","59501","24","1961/6/30 20:32","1961/6/30 21:18"
"196112","6109","59644","24","1961/7/3 8:32","1961/7/3 9:32"
"196112","6109","59663","13","1961/7/2 0:40","1961/7/2 1:40"
"196114","6110","57745","43","1961/7/16 14:18","1961/7/16 15:18"
"196114","6110","57957","10","1961/7/15 19:08","1961/7/15 20:08"
"196114","6110","57972","21","1961/7/15 14:00","1961/7/15 15:00"
"196114","6110","58847","27","1961/7/16 6:00","1961/7/16 7:00"
"196114","6110","59082","13","1961/7/15 17:58","1961/7/15 18:53"
"196114","6110","59134","27","1961/7/15 16:50","1961/7/15 17:50"
"196114","6110","59293","33","1961/7/15 23:06","1961/7/16 0:06"
"196114","6110","59316","21","1961/7/15 2:32","1961/7/15 3:32"
"196114","6110","59501","52","1961/7/16 23:38","1961/7/17 0:38"
"196115","6111","59023","24","1961/7/19 18:54","1961/7/19 19:54"
"196115","6111","59265","50","1961/7/19 20:20","1961/7/19 21:20"
"196115","6111","59287","18","1961/7/18 16:50","1961/7/18 17:50"
"196117","6113","50978","27","1961/7/3 14:00","1961/7/3 15:00"
"196117","6113","54273","27","1961/7/4 16:10","1961/7/4 17:10"
"196117","6113","54292","12","1961/7/4 20:00","1961/7/4 21:00"
"196119","6115","58847","14","1961/8/9 8:30","1961/8/9 9:30"
"196119","6115","59117","25","1961/8/9 19:25","1961/8/9 20:25"
"196119","6115","59134","19","1961/8/9 8:14","1961/8/9 9:14"
"196119","6115","59287","10","1961/8/9 19:30","1961/8/9 20:10"
"196119","6115","59316","32","1961/8/9 4:50","1961/8/9 5:50"
"196119","6115","59501","23","1961/8/9 9:23","1961/8/9 10:23"
"196123","6119","59758","13","1961/8/20 5:28","1961/8/20 6:28"
"196123","6119","59838","25","1961/8/20 13:08","1961/8/20 14:08"
"196124","6120","57799","31","1961/8/26 16:45","1961/8/26 17:45"
"196124","6120","57866","17","1961/8/27 17:58","1961/8/27 18:58"
"196124","6120","57972","20","1961/8/27 17:00","1961/8/27 18:00"
"196124","6120","57993","40","1961/8/28 18:41","1961/8/28 19:41"
"196124","6120","58265","29","1961/8/26 0:22","1961/8/26 1:22"
"196124","6120","58457","18","1961/8/26 19:15","1961/8/26 20:15"
"196124","6120","58527","26","1961/8/28 16:08","1961/8/28 17:08"
"196124","6120","58847","12","1961/8/27 20:33","1961/8/27 21:33"
"196124","6120","59007","16","1961/8/28 23:15","1961/8/28 0:00"
"196124","6120","59117","29","1961/8/25 16:24","1961/8/25 17:24"
"196124","6120","59134","18","1961/8/25 19:42","1961/8/25 20:42"
"196124","6120","59265","19","1961/8/28 2:52","1961/8/28 3:52"
"196124","6120","59287","29","1961/8/24 15:50","1961/8/24 16:50"
"196124","6120","59316","15","1961/8/28 6:46","1961/8/28 7:46"
"196124","6120","59501","47","1961/8/27 23:03","1961/8/28 0:03"
"196124","6120","59644","31","1961/8/24 20:12","1961/8/24 21:12"
"196124","6120","59663","21","1961/8/29 6:19","1961/8/29 7:19"
"196128","6121","57662","13","1961/9/12 0:00","1961/9/12 1:00"
"196128","6121","57972","11","1961/9/8 14:00","1961/9/8 15:00"
"196128","6121","57993","23","1961/9/8 22:19","1961/9/8 23:19"
"196128","6121","58725","15","1961/9/9 17:20","1961/9/9 18:20"
"196128","6121","58847","20","1961/9/10 7:35","1961/9/10 8:35"
"196128","6121","59082","15","1961/9/10 16:15","1961/9/10 17:15"
"196128","6121","59117","19","1961/9/10 10:44","1961/9/10 11:44"
"196128","6121","59134","10","1961/9/11 23:21","1961/9/12 0:21"
"196128","6121","59287","18","1961/9/7 15:00","1961/9/7 16:00"
"196128","6121","59293","11","1961/9/10 2:42","1961/9/10 3:42"
"196128","6121","59316","32","1961/9/10 20:00","1961/9/10 21:00"
"196128","6121","59644","15","1961/9/8 13:54","1961/9/8 14:54"
"196128","6121","59663","42","1961/9/8 17:43","1961/9/8 18:43"
"196128","6121","59838","23","1961/9/9 15:20","1961/9/9 16:10"
"196129","6122","57799","35","1961/9/12 19:50","1961/9/12 20:50"
"196129","6122","57993","12","1961/9/13 12:48","1961/9/13 13:48"
"196129","6122","58040","52","1961/9/13 3:12","1961/9/13 4:12"
"196129","6122","58150","13","1961/9/13 10:36","1961/9/13 11:36"
"196129","6122","58203","26","1961/9/13 4:23","1961/9/13 5:23"
"196129","6122","58221","12","1961/9/13 9:44","1961/9/13 10:44"
"196129","6122","58265","19","1961/9/13 20:37","1961/9/13 21:37"
"196129","6122","58606","22","1961/9/14 23:33","1961/9/15 0:33"
"196129","6122","58847","31","1961/9/12 12:45","1961/9/12 13:45"
"196129","6122","59134","36","1961/9/12 22:40","1961/9/12 23:40"
"196129","6122","59501","38","1961/9/13 22:20","1961/9/13 22:50"
"196131","6124","59316","18","1961/9/24 5:02","1961/9/24 6:02"
"196131","6124","59501","14","1961/9/24 11:13","1961/9/24 12:13"
"196131","6124","59663","10","1961/9/23 18:42","1961/9/23 19:29"
"196131","6124","59758","10","1961/9/24 12:13","1961/9/24 12:45"
"196131","6124","59838","21","1961/9/23 15:22","1961/9/23 16:20"
"196132","6125","59134","43","1961/9/28 20:47","1961/9/28 21:47"
"196132","6125","59265","21","1961/9/29 22:55","1961/9/29 23:55"
"196132","6125","59287","14","1961/9/29 16:25","1961/9/29 17:25"
"196132","6125","59293","12","1961/9/29 19:00","1961/9/29 20:00"
"196132","6125","59316","28","1961/9/29 3:06","1961/9/29 4:06"
"196132","6125","59663","47","1961/9/30 6:49","1961/9/30 7:49"
"196133","6126","58238","14","1961/10/5 3:00","1961/10/5 4:00"
"196133","6126","58251","10","1961/10/4 4:28","1961/10/4 5:28"
"196133","6126","58265","19","1961/10/4 13:37","1961/10/4 14:37"
"196133","6126","58457","29","1961/10/4 10:58","1961/10/4 11:58"
"196133","6126","58477","16","1961/10/4 23:10","1961/10/5 0:10"
"196204","6200","57972","14","1962/5/26 6:05","1962/5/26 7:05"
"196204","6200","59265","20","1962/5/25 15:25","1962/5/25 16:25"
"196204","6200","59287","35","1962/5/25 15:15","1962/5/25 16:15"
"196204","6200","59293","10","1962/5/25 14:28","1962/5/25 15:28"
"196204","6200","59316","19","1962/5/26 3:11","1962/5/26 4:11"
"196204","6200","59501","20","1962/5/25 10:54","1962/5/25 11:54"
"196204","6200","59644","54","1962/5/25 1:59","1962/5/25 2:59"
"196204","6200","59758","29","1962/5/23 13:03","1962/5/23 14:03"
"196226","6200","59758","14","1962/9/26 19:00","1962/9/26 20:00"
"196226","6200","59838","13","1962/9/28 15:20","1962/9/28 16:06"
"196207","6204","57972","15","1962/7/11 14:03","1962/7/11 14:43"
"196207","6204","59007","11","1962/7/12 0:40","1962/7/12 1:40"
"196207","6204","59023","12","1962/7/12 21:27","1962/7/12 22:00"
"196207","6204","59211","16","1962/7/12 20:00","1962/7/12 21:00"
"196207","6204","59287","12","1962/7/12 11:37","1962/7/12 12:00"
"196207","6204","59316","15","1962/7/11 8:52","1962/7/11 9:52"
"196207","6204","59431","12","1962/7/12 16:25","1962/7/12 17:25"
"196207","6204","59501","30","1962/7/11 5:01","1962/7/11 5:51"
"196207","6204","59644","11","1962/7/11 12:12","1962/7/11 12:50"
"196208","6205","54135","25","1962/7/26 7:39","1962/7/26 8:39"
"196208","6205","54236","23","1962/7/24 19:13","1962/7/24 20:13"
"196208","6205","54342","20","1962/7/27 6:29","1962/7/27 7:29"
"196208","6205","54423","21","1962/7/25 8:00","1962/7/25 9:00"
"196208","6205","54511","14","1962/7/25 16:59","1962/7/25 17:58"
"196208","6205","54823","35","1962/7/24 19:15","1962/7/24 20:15"
"196208","6205","58102","13","1962/7/25 23:31","1962/7/26 0:31"
"196208","6205","58265","67","1962/7/22 16:13","1962/7/22 17:13"
"196208","6205","58477","12","1962/7/23 0:25","1962/7/23 1:25"
"196208","6205","58527","24","1962/7/24 22:19","1962/7/24 23:19"
"196208","6205","58606","18","1962/7/25 16:32","1962/7/25 17:32"
"196208","6205","58725","45","1962/7/22 13:32","1962/7/22 14:32"
"196208","6205","58847","13","1962/7/24 4:07","1962/7/24 5:07"
"196208","6205","59134","59","1962/7/24 18:08","1962/7/24 19:08"
"196208","6205","59316","22","1962/7/23 23:11","1962/7/23 23:50"
"196210","6207","54374","11","1962/8/3 23:16","1962/8/4 0:16"
"196210","6207","54377","11","1962/8/1 19:14","1962/8/1 20:14"
"196210","6207","54843","24","1962/8/1 15:12","1962/8/1 15:55"
"196213","6208","53798","38","1962/8/8 4:47","1962/8/8 5:47"
"196213","6208","54135","20","1962/8/7 9:39","1962/8/7 10:39"
"196213","6208","54236","30","1962/8/7 8:33","1962/8/7 9:33"
"196213","6208","54377","20","1962/8/8 11:16","1962/8/8 12:16"
"196213","6208","54471","21","1962/8/7 21:41","1962/8/7 22:41"
"196213","6208","54497","25","1962/8/8 1:25","1962/8/8 2:25"
"196213","6208","54662","14","1962/8/6 8:41","1962/8/6 9:41"
"196213","6208","54843","23","1962/8/7 12:32","1962/8/7 13:32"
"196213","6208","57972","17","1962/8/6 12:24","1962/8/6 13:00"
"196213","6208","58040","29","1962/8/7 14:12","1962/8/7 15:12"
"196213","6208","58150","12","1962/8/7 5:56","1962/8/7 6:56"
"196213","6208","58221","42","1962/8/7 1:26","1962/8/7 2:26"
"196213","6208","58457","15","1962/8/6 14:50","1962/8/6 15:50"
"196213","6208","58847","18","1962/8/6 5:10","1962/8/6 6:10"
"196213","6208","59287","14","1962/8/6 18:02","1962/8/6 19:02"
"196214","6209","56739","10","1962/8/12 1:53","1962/8/12 2:53"
"196214","6209","56778","16","1962/8/12 19:50","1962/8/12 20:50"
"196214","6209","56951","18","1962/8/12 12:14","1962/8/12 13:14"
"196214","6209","57866","10","1962/8/11 17:00","1962/8/11 17:40"
"196214","6209","57957","36","1962/8/10 17:55","1962/8/10 18:50"
"196214","6209","59082","17","1962/8/10 16:26","1962/8/10 17:00"
"196214","6209","59265","12","1962/8/11 11:20","1962/8/11 12:20"
"196214","6209","59287","12","1962/8/10 13:35","1962/8/10 14:35"
"196214","6209","59431","21","1962/8/12 14:18","1962/8/12 15:18"
"196214","6209","59501","11","1962/8/10 20:52","1962/8/10 21:40"
"196214","6209","59644","25","1962/8/11 6:22","1962/8/11 7:22"
"196214","6209","59663","13","1962/8/10 10:55","1962/8/10 11:54"
"196214","6209","59758","42","1962/8/11 1:16","1962/8/11 2:16"
"196214","6209","59838","11","1962/8/11 23:58","1962/8/12 0:22"
"196219","6213","57662","17","1962/9/3 23:55","1962/9/4 0:55"
"196219","6213","57866","15","1962/9/3 14:20","1962/9/3 15:20"
"196219","6213","59082","12","1962/9/1 23:43","1962/9/2 0:43"
"196219","6213","59117","26","1962/8/31 17:26","1962/8/31 18:26"
"196219","6213","59265","23","1962/9/4 15:03","1962/9/4 16:03"
"196219","6213","59293","11","1962/8/31 18:46","1962/8/31 19:46"
"196219","6213","59316","26","1962/9/2 12:30","1962/9/2 13:30"
"196219","6213","59501","23","1962/9/2 5:10","1962/9/2 6:10"
"196219","6213","59663","14","1962/9/4 16:15","1962/9/4 16:50"
"196219","6213","59758","58","1962/9/2 1:00","1962/9/2 2:00"
"196219","6213","59838","18","1962/9/2 11:02","1962/9/2 11:25"
"196220","6214","50788","16","1962/9/8 15:18","1962/9/8 16:18"
"196220","6214","58238","16","1962/9/6 11:18","1962/9/6 12:18"
"196220","6214","58265","35","1962/9/6 3:21","1962/9/6 4:21"
"196220","6214","58457","21","1962/9/5 9:40","1962/9/5 10:40"
"196220","6214","58477","19","1962/9/5 7:37","1962/9/5 8:37"
"196220","6214","58847","15","1962/9/5 13:25","1962/9/5 14:25"
"196222","6215","56951","11","1962/9/18 1:12","1962/9/18 2:12"
"196222","6215","59265","34","1962/9/16 15:48","1962/9/16 16:48"
"196222","6215","59501","14","1962/9/16 1:09","1962/9/16 2:09"
"196222","6215","59663","16","1962/9/17 4:55","1962/9/17 5:55"
"196222","6215","59758","16","1962/9/16 8:42","1962/9/16 9:32"
"196223","6216","56739","19","1962/9/23 18:30","1962/9/23 19:30"
"196223","6216","56964","25","1962/9/22 14:43","1962/9/22 15:43"
"196223","6216","59287","18","1962/9/21 17:47","1962/9/21 18:47"
"196223","6216","59501","14","1962/9/21 4:52","1962/9/21 5:52"
"196223","6216","59644","26","1962/9/22 15:20","1962/9/22 16:20"
"196223","6216","59758","12","1962/9/21 5:06","1962/9/21 6:06"
"196223","6216","59838","20","1962/9/22 7:40","1962/9/22 8:40"
"196227","6217","58265","13","1962/10/3 20:00","1962/10/3 21:00"
"196227","6217","58457","22","1962/10/3 18:27","1962/10/3 19:27"
"196227","6217","58477","27","1962/10/3 9:22","1962/10/3 10:22"
"196227","6217","58847","21","1962/10/4 13:23","1962/10/4 14:23"
"196227","6217","59287","24","1962/10/6 3:57","1962/10/6 4:57"
"196227","6217","59293","18","1962/10/4 3:46","1962/10/4 4:46"
"196227","6217","59316","14","1962/10/5 9:02","1962/10/5 9:55"
"196227","6217","59501","12","1962/10/4 23:33","1962/10/5 0:33"
"196233","6220","59663","11","1962/11/11 19:03","1962/11/11 20:03"
"196314","6300","59501","15","1963/8/22 7:57","1963/8/22 8:18"
"196314","6300","59663","14","1963/8/23 10:10","1963/8/23 10:50"
"196314","6300","59838","33","1963/8/22 17:03","1963/8/22 18:03"
"196317","6300","56964","12","1963/8/31 17:33","1963/8/31 18:33"
"196317","6300","59287","14","1963/8/30 10:00","1963/8/30 11:00"
"196317","6300","59838","16","1963/8/29 14:51","1963/8/29 15:51"
"196323","6300","59758","38","1963/9/23 1:02","1963/9/23 2:02"
"196325","6300","59758","11","1963/10/5 13:11","1963/10/5 14:11"
"196305","6303","54273","12","1963/6/20 13:56","1963/6/20 14:56"
"196306","6304","57993","25","1963/6/30 15:46","1963/6/30 16:46"
"196306","6304","58606","12","1963/6/30 20:34","1963/6/30 21:34"
"196306","6304","58847","11","1963/7/1 17:48","1963/7/1 18:48"
"196306","6304","59117","17","1963/6/29 13:51","1963/6/29 14:51"
"196306","6304","59134","49","1963/7/1 7:02","1963/7/1 8:02"
"196306","6304","59287","20","1963/7/2 5:35","1963/7/2 6:35"
"196306","6304","59293","18","1963/6/29 14:23","1963/6/29 15:22"
"196306","6304","59316","26","1963/7/1 7:09","1963/7/1 8:09"
"196306","6304","59501","16","1963/7/2 4:33","1963/7/2 5:33"
"196306","6304","59644","24","1963/7/1 6:37","1963/7/1 7:37"
"196306","6304","59663","16","1963/7/2 17:05","1963/7/2 18:05"
"196308","6306","50745","22","1963/7/20 14:56","1963/7/20 15:56"
"196308","6306","50756","12","1963/7/20 19:40","1963/7/20 20:40"
"196308","6306","54026","46","1963/7/19 18:22","1963/7/19 19:22"
"196308","6306","54236","19","1963/7/20 11:03","1963/7/20 12:03"
"196308","6306","54342","10","1963/7/20 8:20","1963/7/20 9:20"
"196308","6306","54377","15","1963/7/20 10:00","1963/7/20 11:00"
"196308","6306","54471","13","1963/7/19 11:00","1963/7/19 12:00"
"196308","6306","54662","11","1963/7/18 21:09","1963/7/18 22:09"
"196308","6306","57494","18","1963/7/17 17:15","1963/7/17 17:55"
"196308","6306","57799","64","1963/7/19 13:45","1963/7/19 14:45"
"196308","6306","57972","23","1963/7/17 11:45","1963/7/17 12:45"
"196308","6306","57993","19","1963/7/18 20:00","1963/7/18 21:00"
"196308","6306","58221","13","1963/7/19 15:00","1963/7/19 16:00"
"196308","6306","58314","25","1963/7/19 15:52","1963/7/19 16:52"
"196308","6306","58527","14","1963/7/17 17:04","1963/7/17 17:47"
"196308","6306","58725","20","1963/7/18 18:35","1963/7/18 19:35"
"196308","6306","58847","26","1963/7/20 1:10","1963/7/20 2:10"
"196308","6306","59082","39","1963/7/17 14:58","1963/7/17 15:58"
"196308","6306","59117","12","1963/7/17 19:27","1963/7/17 20:27"
"196308","6306","59134","21","1963/7/17 15:31","1963/7/17 16:31"
"196308","6306","59265","45","1963/7/20 6:13","1963/7/20 7:13"
"196308","6306","59287","48","1963/7/18 13:07","1963/7/18 14:07"
"196308","6306","59293","12","1963/7/18 11:08","1963/7/18 12:08"
"196308","6306","59316","43","1963/7/17 22:00","1963/7/17 23:00"
"196308","6306","59431","17","1963/7/19 20:11","1963/7/19 20:44"
"196308","6306","59501","22","1963/7/18 9:20","1963/7/18 10:20"
"196308","6306","59663","18","1963/7/18 17:11","1963/7/18 18:11"
"196310","6307","56951","19","1963/7/24 13:54","1963/7/24 14:54"
"196310","6307","56969","18","1963/7/25 2:56","1963/7/25 3:56"
"196310","6307","59287","15","1963/7/22 16:45","1963/7/22 17:45"
"196310","6307","59316","16","1963/7/21 19:00","1963/7/21 19:30"
"196310","6307","59644","55","1963/7/25 16:55","1963/7/25 17:55"
"196310","6307","59663","29","1963/7/23 2:57","1963/7/23 3:57"
"196310","6307","59758","34","1963/7/21 11:43","1963/7/21 12:43"
"196313","6309","56651","14","1963/8/17 0:39","1963/8/17 1:39"
"196313","6309","56951","11","1963/8/18 16:53","1963/8/18 17:53"
"196313","6309","56964","21","1963/8/18 16:40","1963/8/18 17:40"
"196313","6309","56969","16","1963/8/19 15:37","1963/8/19 16:37"
"196313","6309","57816","14","1963/8/17 15:43","1963/8/17 16:43"
"196313","6309","59023","15","1963/8/18 21:29","1963/8/18 22:24"
"196313","6309","59211","10","1963/8/18 4:35","1963/8/18 5:35"
"196313","6309","59431","45","1963/8/17 20:49","1963/8/17 21:49"
"196313","6309","59644","22","1963/8/17 3:00","1963/8/17 4:00"
"196313","6309","59663","11","1963/8/16 11:12","1963/8/16 12:12"
"196313","6309","59758","24","1963/8/15 13:31","1963/8/15 14:31"
"196313","6309","59838","56","1963/8/17 2:48","1963/8/17 3:48"
"196318","6311","57866","27","1963/9/7 23:30","1963/9/8 0:30"
"196318","6311","57993","28","1963/9/6 19:27","1963/9/6 20:08"
"196318","6311","59007","13","1963/9/9 7:12","1963/9/9 8:12"
"196318","6311","59117","20","1963/9/7 18:31","1963/9/7 19:31"
"196318","6311","59134","35","1963/9/6 2:58","1963/9/6 3:58"
"196318","6311","59211","26","1963/9/10 3:58","1963/9/10 4:58"
"196318","6311","59265","16","1963/9/8 14:40","1963/9/8 15:40"
"196318","6311","59293","12","1963/9/7 13:42","1963/9/7 14:42"
"196318","6311","59316","12","1963/9/7 13:32","1963/9/7 14:32"
"196318","6311","59501","14","1963/9/6 10:07","1963/9/6 11:07"
"196318","6311","59644","22","1963/9/6 21:53","1963/9/6 22:53"
"196318","6311","59663","15","1963/9/8 3:00","1963/9/8 4:00"
"196318","6311","59758","67","1963/9/7 21:05","1963/9/7 22:05"
"196318","6311","59838","57","1963/9/8 0:12","1963/9/8 1:12"
"196320","6312","57993","10","1963/9/15 19:00","1963/9/15 20:00"
"196320","6312","58457","30","1963/9/12 10:10","1963/9/12 11:10"
"196320","6312","58472","70","1963/9/12 22:57","1963/9/12 23:57"
"196320","6312","58477","27","1963/9/12 21:05","1963/9/12 22:05"
"196320","6312","59082","18","1963/9/15 14:16","1963/9/15 14:50"
"196320","6312","59117","19","1963/9/14 4:50","1963/9/14 5:50"
"196312","6317","56969","30","1963/8/1 19:09","1963/8/1 20:09"
"196312","6317","59023","16","1963/8/2 8:59","1963/8/2 9:59"
"196312","6317","59287","22","1963/8/1 9:22","1963/8/1 10:22"
"196312","6317","59293","17","1963/8/1 12:15","1963/8/1 13:15"
"196312","6317","59431","21","1963/8/2 4:13","1963/8/2 5:13"
"196312","6317","59663","40","1963/8/2 1:00","1963/8/2 2:00"
"196312","6317","59758","34","1963/8/1 6:26","1963/8/1 7:26"
"196402","6402","58847","35","1964/5/29 9:42","1964/5/29 10:42"
"196402","6402","59117","17","1964/5/29 14:06","1964/5/29 15:06"
"196402","6402","59134","11","1964/5/28 12:14","1964/5/28 13:14"
"196402","6402","59287","18","1964/5/28 15:38","1964/5/28 16:38"
"196402","6402","59293","22","1964/5/29 23:15","1964/5/30 0:15"
"196402","6402","59316","31","1964/5/30 10:33","1964/5/30 11:33"
"196402","6402","59501","13","1964/5/29 15:41","1964/5/29 16:41"
"196402","6402","59838","12","1964/5/29 6:54","1964/5/29 7:30"
"196403","6403","56739","20","1964/7/4 2:07","1964/7/4 3:07"
"196403","6403","56964","38","1964/7/4 14:01","1964/7/4 15:01"
"196403","6403","56969","32","1964/7/4 9:28","1964/7/4 10:28"
"196403","6403","57745","12","1964/7/3 16:12","1964/7/3 16:52"
"196403","6403","57957","13","1964/7/2 1:22","1964/7/2 1:47"
"196403","6403","59082","15","1964/7/4 12:30","1964/7/4 13:30"
"196403","6403","59117","11","1964/7/2 10:21","1964/7/2 11:21"
"196403","6403","59265","12","1964/7/2 19:45","1964/7/2 20:45"
"196403","6403","59501","23","1964/7/1 20:55","1964/7/1 21:55"
"196403","6403","59663","31","1964/7/2 13:46","1964/7/2 14:46"
"196403","6403","59838","50","1964/7/3 4:24","1964/7/3 5:24"
"196409","6408","50788","17","1964/7/30 8:11","1964/7/30 9:11"
"196409","6408","54102","14","1964/7/30 12:04","1964/7/30 13:00"
"196409","6408","54161","28","1964/7/30 3:33","1964/7/30 4:33"
"196409","6408","54471","42","1964/7/29 6:45","1964/7/29 7:45"
"196409","6408","54497","26","1964/7/29 20:40","1964/7/29 21:00"
"196409","6408","54662","12","1964/7/29 10:50","1964/7/29 11:50"
"196409","6408","58457","15","1964/7/28 5:48","1964/7/28 6:48"
"196409","6408","58472","15","1964/7/28 2:42","1964/7/28 3:42"
"196409","6408","58477","12","1964/7/27 21:10","1964/7/27 22:10"
"196411","6410","50756","13","1964/8/5 23:34","1964/8/6 0:34"
"196411","6410","50774","17","1964/8/4 20:37","1964/8/4 21:37"
"196411","6410","50953","11","1964/8/5 2:12","1964/8/5 3:12"
"196411","6410","54135","11","1964/8/4 4:30","1964/8/4 5:30"
"196412","6411","56492","21","1964/8/10 3:08","1964/8/10 4:08"
"196412","6411","56739","19","1964/8/10 13:31","1964/8/10 14:31"
"196412","6411","56964","15","1964/8/10 12:57","1964/8/10 13:57"
"196412","6411","57447","19","1964/8/10 14:38","1964/8/10 15:38"
"196412","6411","57461","26","1964/8/10 14:42","1964/8/10 15:42"
"196412","6411","57516","10","1964/8/10 13:57","1964/8/10 14:57"
"196412","6411","57633","17","1964/8/11 0:00","1964/8/11 1:00"
"196412","6411","57816","21","1964/8/10 15:57","1964/8/10 16:57"
"196412","6411","57957","13","1964/8/9 18:17","1964/8/9 19:17"
"196412","6411","57993","20","1964/8/8 18:06","1964/8/8 19:06"
"196412","6411","58847","22","1964/8/10 12:20","1964/8/10 13:20"
"196412","6411","59023","14","1964/8/11 22:40","1964/8/11 23:40"
"196412","6411","59082","13","1964/8/9 18:11","1964/8/9 19:11"
"196412","6411","59134","22","1964/8/10 23:30","1964/8/11 0:30"
"196412","6411","59211","19","1964/8/9 18:50","1964/8/9 19:50"
"196412","6411","59265","34","1964/8/10 14:52","1964/8/10 15:52"
"196412","6411","59287","22","1964/8/9 14:25","1964/8/9 15:25"
"196412","6411","59316","19","1964/8/9 7:49","1964/8/9 8:49"
"196412","6411","59431","12","1964/8/10 6:47","1964/8/10 7:47"
"196412","6411","59501","23","1964/8/8 21:26","1964/8/8 22:26"
"196412","6411","59644","34","1964/8/8 17:13","1964/8/8 18:08"
"196412","6411","59663","25","1964/8/9 7:48","1964/8/9 8:48"
"196412","6411","59758","63","1964/8/8 12:46","1964/8/8 13:46"
"196413","6412","59082","27","1964/8/14 15:55","1964/8/14 16:40"
"196413","6412","59265","29","1964/8/13 21:54","1964/8/13 22:54"
"196413","6412","59287","22","1964/8/18 3:47","1964/8/18 4:47"
"196413","6412","59293","16","1964/8/13 16:24","1964/8/13 17:24"
"196413","6412","59316","18","1964/8/17 20:52","1964/8/17 21:52"
"196413","6412","59501","19","1964/8/17 21:12","1964/8/17 22:12"
"196413","6412","59663","23","1964/8/13 19:55","1964/8/13 20:45"
"196413","6412","59758","11","1964/8/14 15:18","1964/8/14 16:18"
"196413","6412","59838","12","1964/8/15 20:17","1964/8/15 20:57"
"196416","6413","58040","50","1964/8/20 1:22","1964/8/20 2:22"
"196416","6413","58847","17","1964/8/20 19:05","1964/8/20 20:05"
"196414","6414","58040","50","1964/8/20 1:22","1964/8/20 2:22"
"196414","6414","58847","17","1964/8/20 19:05","1964/8/20 20:05"
"196419","6415","59023","20","1964/9/6 12:43","1964/9/6 13:43"
"196419","6415","59287","58","1964/9/6 4:34","1964/9/6 5:34"
"196419","6415","59501","16","1964/9/5 9:30","1964/9/5 10:30"
"196419","6415","59644","75","1964/9/6 12:45","1964/9/6 13:45"
"196419","6415","59663","54","1964/9/6 10:50","1964/9/6 11:50"
"196420","6416","57866","13","1964/9/10 20:28","1964/9/10 21:28"
"196420","6416","57957","29","1964/9/12 5:00","1964/9/12 6:00"
"196420","6416","59117","15","1964/9/11 15:29","1964/9/11 16:29"
"196420","6416","59265","13","1964/9/10 16:26","1964/9/10 17:26"
"196420","6416","59287","16","1964/9/11 2:00","1964/9/11 3:00"
"196420","6416","59293","11","1964/9/11 5:31","1964/9/11 6:31"
"196420","6416","59663","21","1964/9/10 12:11","1964/9/10 13:11"
"196421","6417","59082","35","1964/9/16 14:49","1964/9/16 15:49"
"196421","6417","59117","23","1964/9/18 13:26","1964/9/18 14:26"
"196421","6417","59134","12","1964/9/15 21:16","1964/9/15 22:16"
"196421","6417","59293","12","1964/9/16 17:00","1964/9/16 17:30"
"196421","6417","59316","14","1964/9/22 23:21","1964/9/23 0:21"
"196421","6417","59758","17","1964/9/21 12:20","1964/9/21 13:20"
"196421","6417","59838","15","1964/9/20 11:14","1964/9/20 12:14"
"196422","6418","59838","39","1964/9/13 16:30","1964/9/13 17:30"
"196427","6421","56964","18","1964/10/3 3:42","1964/10/3 4:42"
"196427","6421","59023","19","1964/10/3 0:21","1964/10/3 1:21"
"196427","6421","59663","13","1964/10/1 9:27","1964/10/1 10:27"
"196428","6422","59663","12","1964/10/6 17:59","1964/10/6 18:59"
"196428","6422","59758","62","1964/10/7 13:51","1964/10/7 14:51"
"196428","6422","59838","12","1964/10/8 6:38","1964/10/8 7:38"
"196429","6423","58847","20","1964/10/14 13:25","1964/10/14 14:25"
"196429","6423","59117","11","1964/10/13 13:15","1964/10/13 14:15"
"196429","6423","59293","33","1964/10/13 14:33","1964/10/13 15:33"
"196429","6423","59316","43","1964/10/13 14:17","1964/10/13 15:17"
"196429","6423","59501","37","1964/10/13 19:50","1964/10/13 20:50"
"196432","6424","59758","27","1964/10/23 1:37","1964/10/23 2:37"
"196511","6505","59501","17","1965/6/4 21:09","1965/6/4 22:09"
"196513","6506","58477","13","1965/6/18 11:23","1965/6/18 12:23"
"196517","6508","56571","14","1965/7/16 0:49","1965/7/16 1:49"
"196517","6508","56951","18","1965/7/17 3:53","1965/7/17 4:53"
"196517","6508","56964","27","1965/7/16 21:22","1965/7/16 22:22"
"196517","6508","56969","15","1965/7/16 17:41","1965/7/16 18:41"
"196517","6508","58847","18","1965/7/14 20:50","1965/7/14 21:50"
"196517","6508","59287","12","1965/7/14 18:45","1965/7/14 19:45"
"196517","6508","59293","14","1965/7/14 19:10","1965/7/14 20:10"
"196517","6508","59316","20","1965/7/15 3:13","1965/7/15 4:13"
"196517","6508","59431","24","1965/7/16 9:28","1965/7/16 10:28"
"196517","6508","59501","16","1965/7/15 11:14","1965/7/15 12:14"
"196517","6508","59644","41","1965/7/16 4:30","1965/7/16 5:30"
"196517","6508","59663","26","1965/7/15 9:24","1965/7/15 10:24"
"196517","6508","59758","43","1965/7/15 11:11","1965/7/15 12:11"
"196519","6509","57816","12","1965/7/24 20:04","1965/7/24 21:00"
"196519","6509","57902","15","1965/7/24 17:17","1965/7/24 18:17"
"196519","6509","57993","14","1965/7/23 14:24","1965/7/23 15:24"
"196519","6509","59023","25","1965/7/24 21:16","1965/7/24 22:16"
"196519","6509","59082","16","1965/7/23 15:55","1965/7/23 16:33"
"196519","6509","59287","14","1965/7/22 12:00","1965/7/22 12:44"
"196519","6509","59431","15","1965/7/23 19:38","1965/7/23 20:38"
"196519","6509","59501","20","1965/7/23 3:08","1965/7/23 4:08"
"196519","6509","59644","36","1965/7/24 6:10","1965/7/24 7:10"
"196519","6509","59663","13","1965/7/24 0:16","1965/7/24 1:16"
"196519","6509","59758","23","1965/7/23 8:49","1965/7/23 9:49"
"196521","6510","54377","14","1965/7/29 23:19","1965/7/30 0:19"
"196521","6510","54497","53","1965/7/28 18:23","1965/7/28 19:23"
"196521","6510","54753","59","1965/7/27 9:26","1965/7/27 10:26"
"196521","6510","54843","62","1965/7/27 15:45","1965/7/27 16:45"
"196521","6510","57799","50","1965/7/28 18:00","1965/7/28 19:00"
"196521","6510","58040","22","1965/7/28 1:28","1965/7/28 2:28"
"196521","6510","58102","11","1965/7/27 15:16","1965/7/27 16:16"
"196521","6510","58150","25","1965/7/27 15:06","1965/7/27 16:06"
"196521","6510","58847","15","1965/7/27 4:52","1965/7/27 5:52"
"196521","6510","59134","32","1965/7/27 15:05","1965/7/27 16:05"
"196521","6510","59287","53","1965/7/27 22:48","1965/7/27 23:48"
"196521","6510","59293","17","1965/7/28 2:30","1965/7/28 3:30"
"196521","6510","59501","48","1965/7/28 0:39","1965/7/28 1:39"
"196522","6512","50788","16","1965/8/7 8:40","1965/8/7 9:40"
"196522","6512","50978","15","1965/8/7 12:25","1965/8/7 13:25"
"196522","6512","54094","11","1965/8/7 9:03","1965/8/7 10:03"
"196522","6512","54292","16","1965/8/7 23:30","1965/8/8 0:30"
"196525","6513","58150","21","1965/8/20 20:00","1965/8/20 21:00"
"196525","6513","58221","40","1965/8/20 4:08","1965/8/20 5:08"
"196525","6513","58238","19","1965/8/20 12:56","1965/8/20 13:56"
"196525","6513","58251","89","1965/8/21 6:16","1965/8/21 7:16"
"196525","6513","58265","25","1965/8/19 9:07","1965/8/19 9:46"
"196525","6513","58457","41","1965/8/21 12:03","1965/8/21 13:03"
"196525","6513","58847","32","1965/8/20 7:32","1965/8/20 8:32"
"196526","6514","59663","24","1965/8/17 11:50","1965/8/17 12:50"
"196526","6514","59758","12","1965/8/17 7:49","1965/8/17 8:21"
"196530","6517","56969","33","1965/9/6 22:10","1965/9/6 23:10"
"196530","6517","59082","13","1965/9/6 16:51","1965/9/6 17:51"
"196530","6517","59265","19","1965/9/4 20:54","1965/9/4 21:54"
"196530","6517","59287","12","1965/9/4 16:00","1965/9/4 16:54"
"196530","6517","59431","12","1965/9/6 13:16","1965/9/6 14:14"
"196530","6517","59644","47","1965/9/5 20:32","1965/9/5 21:32"
